Sequence_ID,Length,Sequence
seq1,122,AACTGCCGGGTAAACCTAACCCCGTGATGTCGCACTAGCAATCAAAGGTGTTGCGGAGACAAATTGGACCCTTTTATGTGACTTTACTAAAGGTGGATGGGGTTCTCCTGATTTATAGTGCC
seq2,74,GCTCCCAGTTGTAAGTCTTCCGACTTTGTACCGCAATGGATCGTAAACGAGTTAAAGCACATGCAAGGCACCGG
seq3,153,ACTGGCTGCTGGTACGGGCCTGTCCTCTCCACCTTAGTCTCCCATTTCCACTAATTTTAGGGCCGGGCCCCCCAAAGCTCAAGGGACCGGGGGACATTCGGTTTCCCCTGTAAAAGTAGGGACCCGAGTGCCTACTGTCTGGCCAGCGCTACT
seq4,155,CCGGCCAGAAGCACCGAACCCGCACGCGTAATGTATCGTCACAGGTAGGAGAAGAGTATTCCCCCCCCCGGTTAAACGGATGAAATTGTCTAAATAGGATGGTTTAATGCGGAAGTGAGGCCGAGAATTCCCAAGAGACCGAAATAGTAAATAAT
seq5,53,TACGCGCACATCGGATCATTACACCATGCCCCGACAGCCCATAGTAACATAGT
seq6,185,CCTCCGGATGTAAATTACGACCTTGGGACGAATCCCCCGGCCCGCCGGGAGCAATCCGTAGTAGGAGAAGCAGTAATCAACGAGAAGGGGTAGAGGGCTAAGAATCTTGGCCCGGTGGTTGGCACCCGTATAGACCCTCTCAAGGTAGCGTACTATACCGGTAGAGAGCGCTAGTTGGACTTCCA
seq7,70,GTTCTCTTCGGTCGATCGTTGAATCGTCTTCTCGACTATGATCGGAAAAGCTCATTACAGGATTACAGTA
seq8,116,TCGAATTTACTCGTCAAAGAAGGGTGCCTACGCATACGGCTTCCCGGCTCTTTCCTTTCCACTCTTCACGACCTAACAGTGGTTCTTCCGCGCATCGTACCTGTCAATCGTATGCG
seq9,67,AAGAAGGTAGTTGATAACCCGCAATGCAGATACTTTATCTACTCCTCTATGTGGTCCGCAATTAGCA
seq10,129,CGATATGGGCAGCGGAGATACCAACCTCCGCTAAGCATGGTCAGTGGCTGGTTTCGTTAAGTCACTCCATGTATTGTTAACAGCTCCTCCTAACTCTAGCAAGAATCACCCTAGACGAGCATAGTCGTG
seq11,96,GACCGCGTATAGGAATAGCGAACTTTACACGAGGGGCAGTGGCGCAGCTAGATTCTGAGATCAGGGTTGATCGTGCCATTAGAGCGCGGTCAGTAT
seq12,107,CAGGTGGTGTATGGCCCCGGGCAGATGTATAATTTGTAGCGGCATAACGAGGGTGAACGTCGTGCTTCTGTCTCCTCCATGCAAAGGATTATCCGACGGCGAGAGAT
seq13,164,TAGACTGTCTCCTGGAAACACTTACGGTTATATAACGGCTACTGTCTAGCCAGATGAAAAGGATATTACTTATTAGGACCATCCGTACGGTCTACGCTGGACGATATCATCTTTTTAGGCACCTTCTAGGGCCGGTTAGCACCGATCTATCTTGACTTAGCGTA
seq14,96,CAGTGGCGCCCGCAGCCCTTTATTACTCCACCAGCGTAATGGATTTATCCTGCGCGGAACGTATTTAGACATGAATCAAACTTGTGATGACACTGG
seq15,89,CTGGTCATTGTGACTCGAGAAAGAATTTTTCCGGGGGTTACTCGCGCCCCGTGTAGTTATATTTAGTAGCTTCAGATATTAACCAAGCG
seq16,94,CGATTTTTCTTGGATTTAATCCGGGAAAAAATTCTACCTACACTAATTGATCTAACTGCCCCCGATGTCCGTCACTACGACCTGCCGCAGACAG
seq17,72,ATTCATTGGTTATGCTTGCACCTGCCCAACTATCTCCTACTCAAGTGGGGACTAGTGGCATAGGTCGATCGT
seq18,91,TAGCTCACGTTTATTGCCCTAAGGGTTGTCATTTTAACCTGACTTTTGTCGCGAGATAGGAGGAAAGGCCGCAAGTTGATAGCGTTTCCCC
seq19,176,GAAATTCGTATCACCGACTTTATAATATAGGCCTTGATGATCGCGTGGTATGTTTATGGACGGGTGCGACTCGTCAGGTGAGATTCTTCCTCCCACATTAATAAGACGGTGAAGGATACGGAGTGTGAGTTCGCCGATCCGACTGAAACGGGTCTCCCTGAACGAAAATGTCCCGG
seq20,187,GTTGCCCATCCTTCGAACAGGTACCGCTTCTCTCGGTCTTGCGCGGGTGGCCACGTTTCTGAGGTAGACATTAAATCTTGTACCATTTCCCGCTCCAACCTTTATTGTGTGCAGGGGAACCGGCGAAATGCGTTCTTTGGCAGCCACGACCCGAGCTCCAGCGCCCGTATGTCCACAGAAAAAACAT
seq21,119,CACAGCGACCCCCGGCTTAGCAGGACATTACAAAATGGTCACAAATTCAGGACACTAGACGCTCAGCTCCACCCCAGACTCGTACACGCACTAGGGGGCACATGGCGGTCCGTTACTTA
seq22,82,TCACGACCGAGAAACGAGGTATACCTTCTACCGTTGAACAATGGCGCTTGACAGCATTCCCAACCCGTTCACAAGACAAAGG
seq23,190,CACGCGCGCACCATTGTGATTGCCACGGGGGGGGGTGAATAGTCCCGTCGAGTGAGGGCGTACTAATTCTATGTTACAGATGAGACCGAGATACTCGCTTTTGAGGCCTATGCATCGTTCCTCAAGGGCATTCAGTGCATGATGCTCAGGACGTAACCCCAGTACCAGGTGGCCCTCTTACGTTTAGGCA
seq24,197,TTGTATGGGGGTGGCTTAATACATGCTCCTGTGTTTAGGGCTAGGTCTGCTAACGTAACCCTACACCTGTTGCGTAGTCGTCTTTTGCCTAGTATATTGAGATCAATGCTCGACCCTTTCCAAATGCTTAGCGGGTAGTGTGCTCTCTAACATGAATTTGAATGCATCCTGGCCTACGTGTATGCTCTGTCAGAGCA
seq25,119,TGGGGAAAAGTCTTCCAGAACACATTAGGTAGTCCTATTCAGAAAGGCAGATTTAGAAGCTGCAGATTTTGATGACTTGATAACCGATGAATCCCAGATCGCGGATCCCGAGTTAGATA
seq26,83,AGCTCGGTAAAAGCAGTAGTTTAATCTCAAGTATCTGCACAATGCACAGCTAGCGGGTAAAGTTGTCCACACTTTGTGCGGAC
seq27,145,CGATAAATCGGTTGACGGGTGGCGTCACCCCAGTGCCCGTAACTCGCTGGATCGGTGTCCGTATACTTAGTTCCATGGGCCTAATTGGATAAGGAATCTAAAGCCGAGGAGGAACGTACGAAGTGTTGATTAATTGAGGTTACGG
seq28,65,CAGATAGCCACATACGGACGCGCCGTTACGTGTTGAGACTTGTCTTTAGGGCTGTGTTTTGTCCA
seq29,132,TATTAACTGCGACAATTACCCAATGTCCAACTTCTCTTCCTAGAGTACAACTACAACGACGAAAGAGTAGGGCACGATCAGGTGGCTACCTGGCATTCTCCCACGCACTTGTGTTGCCACTCTCGGCGCGCC
seq30,92,AATAGGGCTGTAGAGCTAGGTCATCGTGGCATGAAGGGCCTTCTATAACTGGACTCGGCGCCCTAAGTGGGAGGACGTCCAGAGTTCACCGC
seq31,185,TCTGACGTATTGGCGACTTCGAGTCCCATCCTAAGGAAGGCATATCTCCGGCACTCTAGGTACGCGAGCAAGTGGTAATATACCGTTAACTTTGAGCCCCAGTGAGGTTATGAGTGTTAATGTGTGTGGGTCGTAATCTGGTGGAGTATATATTAGGCCGGACCCGAAAAGGAATACATCGTTGT
seq32,128,GAGTTCTCCTGGCGACACTTCGTCCGGACATCATCTAAACAGCACGGAGCCCCCCTCTTTGATAAGGGGGCGGTAACAATTCAAGACTTAGAACATTGTTGGTATCGCTAATCCTGGGACGCTGTTGG
seq33,122,GAGGGCCGTGACAGCGGCGATTGCCTCTGTACGAGAGATTGCAAAGCTGGGAGGGCAGGATGCTCAAATCGCCTTGTCTCCCTGCTAGGAGGGTTGGTTCTGACAAAGGGGCACGCCCTGGC
seq34,52,TAGACCTGTAAACGCTCCTGTTCGACCGCTCACTTTGTCGTCCAAGTAGGGT
seq35,144,AACCCATGGATATCACGGGATGTGCTGTTGTGCGACATCTGAGCCAGTTGCTAGGAGAAAGGGCACAGAATCTGAATTTCTCAACTCTAACCAGTGTCCCTTCGGGCGAATAGAGTTGTGGGCTTACGGCGTTGGCATCGTCAT
seq36,181,AGATAAGGGTCGCCCCGGAGCGCGAGTCACGGGTGTTGGCTGGCTAAAGTGTCGATTCAGACGTTGGCACTTGAGATTGCGCTTTAGGCTTGGGTCGCCACGTCCCTATGTAAGATAGACTAAGTGGCGGTATCCTTGTGCAGGGAGCATCTTGCCCACGATGAGTCCGCAGTTCAACTTC
seq37,103,AGCTCTTAAGAATCTTACAGAGTTGACTCGTCTTTCCACTGAACTGTCTCGCTAAGACCTTCAACTAATGGGTACTCGACCAATGAGGATGGGAAGACTTGAC
seq38,55,TAACATGTCGTAAGCGAAAACTCGTTAGGCGCTCGGCGTCGTCACCGTCTCAAAG
seq39,167,CCTTTTCGGGACCCTAACTTGGAATACAAGACGGAGTATAATTTATTTGCGCTTAGACGGAAACGCGGTAGTGTGACGCCCGCCCCTTTTCGTCTGCCAAACAACGGCATGGAACGGGAATTCCATCCTAGTACTGGGCTGACCAATGTACAGTCAGCACTGTGCTG
seq40,62,AACCTAGAAGCGTCATCATAACATTCCCTGTAGTTCAATGCACCGGTCTTTACGGGATCGGT
seq41,196,CAGCCGTCTGTGCGGTTTGCGTGAATTGCTTGCCGGTAGAATCGCCCCTTACTGGAATGGCGCGAAGTAGACCGCCTATCGCCGTCGCTTCGTAGCGTACGTTCACCCAGGTGAGTTTGGTGAGCCGGTCGGCAGACATTCGCTGTGCTTTCCCCATGTTCGCAAGGCGCTACTTGATCATGTCGACTCTAAGCGC
seq42,109,GATCACAATCATCCGCATAGTTACGGAGCAGTGCTACTTTGCTACGTAATGAAACCCCTGCATCGGCATCCGATGCTACCCGCTAAAATGGTTCCATTGGCGCGCCAGG
seq43,164,TTCATAGTGCAAATTGACTGTCAGTCTGCTACACTCTCTCAGTCATGTTCCGAAAACTGTATGGCCGCCCATAGGTACGAGCCCGGAATCTACTTCGCTCCGTCAGTGTCATGAGTAGAAATGCGCGGTAAAAGATTCTATCACCATCAAGTCGAGATGCGTCA
seq44,77,ATCCGACCACGGCAGTTCCTAGTAGGTCACATTGACCAAATTTCAGTGATGCCTGTCACGCTCCGACCTAGCTCATG
seq45,155,CATGCGACTCATTCCGTTAACGCTGAGCGGCGAGAGTGCAAGGTCTGTTCCTTCCACTACCCCACTATACGGGCACTGGTAACATGCAGACCTTGGTAAAAAGTGGGTTCCGTTACCGAGATAGCAAAGCGGTGACTCAGAGGCATACAGCATCC
seq46,87,TGTGGCAGATAACCGCCACGTTCGCAGGGAATTACGTAGGGGATCGCGTCGCAAACGTTACTGTCATCCGAAAAAGTCTCTAGGAGT
seq47,113,TCTTTCCGTGTGCCATGGTGGTTGGAGCCCTTAACTGCGTGGTAAAAACCGCCACCCTACCAGACTCCTCAGGTTCCGATTAGCAATGAACGAATAAAGGTACCTGTGTGCCG
seq48,166,AACATCAAATTGACAGCCAAGTTCTACTTTTCGCTCAACCATTAACGTGTACAATACCGACCCGTCTGGTCCGCTTTAGGACCGTCGCACGGTAGTCCCAGTTTGTGCCTGCACCTTTCAGGCTACGTACTGAGGATTGATACTTAATAAGGGGAGAGGCCCAAAC
seq49,143,AGAGTCTCCCCATTGTGGTTTAGTCATAGTGCCCGTGACTGTTGATAGGGAACCCTGCCACGTATAACAGGTTGTGCGGACCTCAGCGAATCTATCTCGCTGGCGTCGCGGAAATCAATCGACTCCCTGGCAAGTCAATTTCT
seq50,83,TAAGGGCGGATAACGTTTTAGCACGGCCCCTGCCAGGCATTTGTTTTGGGTGGCCGGTAAGTTCGGCACTTTAAACACATCTA
seq51,153,CAGAACGTTTCCATAAGAAGAAGGATTACAGGTCTAGTACGTAACATCAGATCTGGATCGTATGTGTCGGCAAGATGATTGTTGGCCTAAAATACATTGGAGAGTTAAAATGCTGCTTCACCACAAAGCCAATCTTAAAGAAAATATCCTAGC
seq52,51,GCGCAGTCCTTGATGTCGCGTGGATACCTTCTAAGAGGGGATCCTCCCTAG
seq53,127,CTTCTACAGGGACATGTTTCCCAGGGGTACGTTGTAGGACGGCCTATTACATACGGAGCATTCTTAGCCGCTCGAGGAGGACGACCGCGCCAGAGTAGGAGCATCTCGCTCGTTGGCTTTGTACAGT
seq54,75,CTCATGAACACGCTCGGCAGATTAATGACTTTGGTCTCGCGGTATAAAACGGATGCCGTGTAGATCTTTGAGCGT
seq55,116,TAATTGTATCACTCGTTTTTTTCCCAATTGGCTGGCTAATTGCTCCGTCAGTGTCAGTTGTCAGTAATATAGCTTCAGCTGCCCAATGGTCTTCGTGATAGGAAGACAGGTAATAC
seq56,110,ACCTGAGTCCTGTCGTAAAGGACAGGACTGGTGCGGGCTGATCCGATATGGTCCCGCTCATGTTCGTCAGTGGTTACGGAGCTCAGAAGTGTGCACACGGTAGCAAGAGG
seq57,125,AATGGCCGTCACGTAGGTTTGCACGTAGTAGTTTGGTCGCAATCTCGCTGTAGGCAGGGTGGGTAGGTTTCATGACTTAGCGCTACCAAACTTGCCAGCGGTAACCACGGGTCAGACAACCGCTT
seq58,115,CGTTTGGCATGCTGTTACGACGCCTCCCTTGGTGGTGGCTTCTGGGGTGCACGGTATACTTTACGTGCGTGCCGGCCGAAATCAGTATTATTCTTGATAAATTATGTGAGTGTGG
seq59,103,TTTTGGGATACGCATTTTCCCGCGTGGGGCATTACCTTTGAGGAGTTAAGGCTGCCCCTACTCATCCATTGACTGCGTCTAGGGTTCGTATTAATCGCCGCTA
seq60,191,ACTCATTGAACGTGGCCTGAGTATTTGAGATAGGTGGTCGGCACTGTCGTGAGGGACACCTAAACATTAATGATGAAAGACTTACGAGTCACTACCACCGCTTCTGTCACGCCCTTCTAGAGCGGCCGATGTCAATACGGAATTTGCACTGGGGGGGACCTAGTCAATTTCCATTCCTGCCCCATACGAAC
seq61,60,CCAACTGTGTTCTCGGCCACTCCCGCATAGGGTTGAGGCCACTCCCTGAAGCACTCATAT
seq62,112,TGCCATACATGATGTCAAACGAATTAGGTTCTCGAGCGCGTATCTACAGCAAATAACCCATTTGCGGAACGTATCAAAGCGGCTTCCCGGCAGAGTGAGGGTACAGGCCATG
seq63,113,TACACAGAATCAGATATTGCCTCAGCACTTATTACCGTTCCTAGGGTCGTGGTGTGACCTATCAGTGAGACGAAGCATTGATGGGGAGTGCAATAGAGTTAGTCCTGCGTAGC
seq64,54,CATTTGGTAACGTAAGACCCGCAGGTAGCTGCGTTGTGTAAATATGTAGGGCAG
seq65,139,TTGAACGGCTTCACCGCGGTGCTTGGGGTGACCGCGGGCTGTGTAGCATTGACTACCCACTTATGGCGAGCGCCGGGCGGTGTCTAAGGGGTATGATCTGACTTTTGTCCTCCGGACCAATGACCATGCCTAGACTGCA
seq66,173,TGGGAGCACCGGTGCGTTGATCATAGGCATAAGTTTTAAGATTCAGCGCGCAGCAATCGCCTCCGGGGGAGGTTTGTACAATTGCGAATTCTCTAATTTATCTGGTGTACCATGTGATAACTACCAGTCAAACCCACGGCACAAGTGTCTGGCGTAGTGGCCTCTCCACACGG
seq67,132,GACGCTGATTAGCATCAACGTTGCGGTAACTGCTTACACCACCACAGTATACCCCAGGCTAGTGCCTCAATTTGACACCACGTATGGAGATATGAGATTATTCGGATTACCGTCCTGCTGGAATTCGTAGTT
seq68,173,CAACATATTGTAGGTGCCTCGTGTCGCGAACATGCGTTTCCGAGTAGATCTGCCCGGTCGAGTGGGCCCACAGGCCAACTGTACTAAGCGAGGTGAACTGAGCATTTATCTGTTTTTTACAACCGCTACAGACCCAGGACACATGTGCTGTAAAAAGACCCCAAACAACTTTC
seq69,106,CGAATTGAGTGAGAATGGCAGGTAGGGCCCAAACGTCCGTAAGATGAACTGCAGAAAACCAGTAGCCAGAGAAGTATTACCTAAAATTTATCGAGCTTCTGCCGGG
seq70,93,GACCACCCACGCGCATTCATTGTGCATGCTTGGTAATGTCCGTTGCCCTGAATACTTCTATCATAGGGAGCGCTGGGTTGCTCAAATAGTACC
seq71,103,CTCATAGGCCTCGGTCACCGTCGTCCAAGGACCTTTATTTGGTCGTAATGCGATAACCGCGCAAAGGAGCCTGGAGGACTAGACGCCGGTTCTGATCGACTCG
seq72,127,GGTTGGGCTCTATGTTGGTAGCAGTTGGATTTCCCATAGGACTACGGCGATCGACGTGCGCTTGATCTCACGTCCTCGTCCCGGATGCTGATGATGACAATCTAAGGCGGAATCACGAGATATGGAG
seq73,68,GTAGAGTCCGTAGGGTCAGGCTGAGAACAATGTGTGCGATAAACTGGGCTCGATGTCAGAACTTACTC
seq74,129,GAGCATACTGGCCTCACGAAGCTTCGGTAGACTGGATCTCGCCACGGCACAGGTCTGTGTGTCGAATAACAAATGTCATGGGTCAAGCCTTTACAGCCTCAATCCTCAGTCCTGGATCACTCAGCTTCG
seq75,191,GATTCCCTCTAGACATGCCACCTCAACGGAGACCCGCGAGCGGACTTTGTAAGAAACGATGGACGCTGCGACCCCATGTTGTTGAGAGACCTCGCAGTAAAATTTCTTTCACTCATCATAAAGGGTTGCACTATGGTGATTACGAACTGCTACCTGGGACGGGTGTGTAGCTATACGAAGTCCTGCCTCTG
seq76,60,ACGAGGCCTTGTCGCGTGTCGTCAACAACACTGACTCCGTTATAGAGATAACGGTGTGAC
seq77,176,GGCATCGGAGACCGCGGTGGAGAGGCTCGCGAAAGGGCTCTACTTATTTCTAGCGTCATTCCATCGCACGTAGGGACTACAATTTTCTAGAGCTAGGAGTACTAGCGACTATCGCATGCCCTTCAGTGGTAATCTCCACTCGACTCTGCATGACCGTTGCGAACATGAGTGTGCAT
seq78,120,GCGTGAGTCTGAGGGTTATAGGCACTATTAGCTGCACACAAAACAGCGAGCGAGTGTTCTGCTATTTACATTAGAGCGATAGGATCACCTAAGATCCTTTGGATCTGTGCGATTTACAGC
seq79,75,ACGAGTAAACAGCCGGCGAGACATCAGGTTGGATCTCGGGAGATGCGCTTTGAAGGTAAAGCGTTTATTGAGTCG
seq80,135,CGCTCTCCTTCGGCGCACCTTTTCTACGCACTATCGAACAAATCTATATCTGGCTGGTGGGTTAACGAACTTCCTAAAATAGCCCGTGGACAACGCGCGAAATCGCGGGGCCGAAGCCCACACCAATGTATGCTG
seq81,75,TAGATCAAAGGTTGCGTCTTATTAGCCAGTTGAGACAATAAGTGAGCACTTGTCTCACTTCATCCTCTAAAGACT
seq82,109,CCCTAGGTCTCTGAAGGGTTCCCAGTAATCTCTTCTATGGCTCTAATCTTATTGGGTAGGCTGAAACGGTTAGTCTATGGCGTGTCGCCAAAGACAACCATTCAAAGGA
seq83,140,TCTTTAGGTATCACCAGTGCAAGGAGGTACGAGCACGTAGCCAAGTTAAGGTGTCATACAGAACTGTACCTGTGTCCTCGGAACTAAGAAACCGCAGTCCGAAGAATGTTCGGTACCTACCGCAACAATCCGTCTAGGGG
seq84,139,CCCTGATTATGTATACGACCTCAGGCGGAACCGAGGCCTGATGCGTCGTCGATAGTATGAGATTGTCGTATCAGTGAGGCAGCATCGACGTTCGATTCACATGGCTATAAAAAGAGTACGGGTATGTCGATGTACTGTC
seq85,185,ATTCCTTTGCGAGGCACTACGCACGCTGCCACGATGGGCGTTGTCAAATAAGACGGGAATTCTGTAAAGCTTGTAGTAGTACCACCAGCCGAGAGTGCATTTAGAAGTGCTCCGCTGTTCCACTTTGCAAAACAAGGTTACGACGTGCCATGAGATTTTGCTGGGTTCCGTACCGTCACTTTACG
seq86,159,TTATCACGATAACGGTCGCTGGCTCGGTGTTCGGTTCACGGAGCCTACTACGTGGCAAATGAAGAGCGAAAATTGCCGTACTTCACTGGTGCGAGCGGCCAGGAGGCCGAGTGGCTCCTTTACTCCACAGTAGCTGGCGTCTCTGGCGGGCTCGTCCAA
seq87,60,ACCTCATTGAGAGGGCGAGCCCTTCACTCTATCAAACAGCGGGTTCATGACTATATAGTA
seq88,131,GAAGTATCGACTTAGATGTACCCAACACTGAAGTAGGCCTCTCCCTTGTTTAGAGAGCCGTGAGGTATTCGTCCGGGGGAGCTAGCTACGTAGGAGGCATGTCTAGTAAACTGGGGTTAAAGTCAAACTAA
seq89,180,TGAAAGGATGTCACTTAACGTAGGCGCTCCGGCCTCCCCCGCCACTGTCATATTGTTCCACGAGCTAGCGCCCGAGGAGACGCTGAGGTCTACACGACTCCCTGGACGGAATTCTCTCTGCAATGATCTGCTTGTCCTTCAGCCGATCGCAGGAAAGATTGGTAACTCCCGTTGTAAAAC
seq90,106,GCAGCACCTAACGCCGTGCAACGAACAAGGCGCTGTACCTAGACAGCGTGATTCCTCCGAGGGTGCATGTGAAGCCTGGAGGGAGACCGCTGGAACGATCATGAGC
seq91,115,CACGTGCGACCGTGTAATGGCAATGAGCTCTATTAGTCTCGCGGTTTCGGCGCAAAACCGCTTTGAAATCAGATCTGAGGCAACATCGGCGTAGACACCCCATCTGTGTTCGATG
seq92,126,GCGCACTAACCTTTTCGGACGAATGTGCTCCTGGAGAATTGCGGAAACCAAACAGAGATAAGTGTGGAGGTTGGATAGTCCACCGCAATATGCAGTATGCCAGAACTTTCCAAACACGTACCCATA
seq93,95,CTCAGAGTCTTCCTCGTTCACCCTGGCCACAAGCCCAGACGCGTATAATGCAAGGATCCTCTCTGTCAAAAAAAATGTAACCTTGAACTTCTGAG
seq94,100,TTCGGGCGCTCGTTACCCGAATAGTATATTCCGTTCGCGGTAATCCGAGAGCCGGGAAGCGTCGCAACAGCAACCTCACGCCCAGCCAGCGGTGAAATTT
seq95,180,AGAACTGCTACGCGACCAAGACGTCAATAAATAGCTAACTATAAGCATTGTAGTGGTCTAAGTCTTTAGGGCATCGGTGCGCTCGGATTTTCAAACGCTAATCACGATTGGCGGGCGATGCAGCAACTAGCCTCTGTGATACAGAATAGAACAGAGGCACCACAATAATGCGCAGTCTTC
seq96,170,CTCCTGGGACACCTAGGATTGAGAGGGGTAACCGCAGCAACCTGCGTGAAAGCCAATCTCCTCGAGTACAGTCCAGTTCCTGGTATGGTTGGCTAGTAGACCGTGGCGCGGGTTGCCCTTTATCGCTAATGGGAGTAGAGTAGAGCGGAGAGCTGCTAATATTCCTGCCA
seq97,182,ACACGCGTGGGAATAAGAGGATAATGCTAGTAGTCGATATATACAGGATACGTTGTGACATATTGTGGACCTATGGTGGGTGATTCGTGATCGAAGCTGGGGCTTGAACCTGGCTCTTGTGTCGAAACGGTGGCCAGGCGGTACACGTAGCGCGTCCAGGCCCGGTAGCATTCGAGGCCGTT
seq98,164,TAGTCCCTCTACTACCGGGGTTGCGCCAGTTACCTACATACCCAAAGTGGCGATCGGATGCCTGGTATGACTGCGCGAGACCAGTGCCTACCCCATTCTGTTATGTGTGTCTGCTACCACCGCACGTGTACGGAACCGGTGATCGATATACCTCAAACACACTC
seq99,75,GTTGAGCCAAGAAGCGACTTGACGTTCTCCATCACTCGTACCAGAGTGAGGTGGGCCTCGAGCCACAGTCGAACG
seq100,143,CATGATTCCTAGTTATTTATAAGGATGTCAGGACCGATACGCTCCCCAAGAGGGAATTAGAGCGCACCAGTACATTTGCTCTACGTCCGTAGTGGTGTTGACAGTGAGCCCTATCGTTGTCAACGTGAATGAGGTCAGATTGG
seq101,180,CACGGAGGCGAATCCTATGCATTTCCGAAGTACACCTAGCACATGAAAGCAGAGAATAAAGATCTAGAACATGGACGGGTAACTAAGGGTCAGATTCCCAACGGGCGGCCTCCGCTACCCATTGAGTACATTAATCTAATGGGCCCTATAACATGCGTGTCGGACGTAATTTGATCGTCC
seq102,94,AAGCCATCATCTTCCGGCCAGCGTTCTAACTTATACTCATGGTATAACCATAAACCTTCACCAGCCAGACGTTCACCATCCTCGTGGCCCATCG
seq103,165,CGGTTTTAGATGGTTCTATGCATATCGGCAGCAATGGGAAATGGATTTAAAATGAGTGGGAGGCTTACCGAGAACATGACCATCGAAAGGCGCATACCGTGCAGATTATATATGACTGATATGTCTCGTCACAGCGCAGGTACGCATTAGTGCCCGGACGCCGCG
seq104,153,CGATTGAGCTACGTTCGCGCTTCGGCCCCATCCTGCCGACGAACCCCGTCCAATCTGAATCCTTGTGCGCAGCGCAGTAATCGTCTCGAAAATGTTTAGTTGGCGGTCTGATTTCCGTATCAGGTGTCCTATACGGCATCTCATTCCTATACC
seq105,171,GCCCACATCTCCATCAGTCTAGGTCCCTGCGTGAATCAGCGGTTTCTGGCTCAATCGACATCAGCCCCCTCTAGCTTGCGTCTCTTGTGCTGCATATTCGGTGGCGCAGGAGACGGCGCTCCTGCTGAGCCATATTCAAGTTACAAGAGTGCCCATAAATGATTTAGGGTT
seq106,88,GGTGAATTAAATCATCAAGTGCAAATCCAGTAAATACTGGTTCTATCTTCTAAAGCGCTGTGCGCCTACTGCAGGCACGCTCTGGCTG
seq107,163,ATATTTAACACGGGATTCTGTAGCTGCAGATAAGAGACTCGTAATTGAGAAGACCCTAGCAGTACGTGAGAACAGGCACCAATGACCATTATAGGTCGGAAGTCCATTTGGACATGCAGATGTCGGCATGGCTTAGAGCAATTGCAGCTCGAGCATCGCCAGA
seq108,83,ACGTTGTGGTGTGCGTGCGCGATGGGAACCTTACAGCTCGTATTATGGCTAGCCGCAGAGCACGCAAATCTGTCACGTCGGAC
seq109,179,GAGAGTCGACGTTGCGTTTTACCTCCTATCAAAAAAGGTGGGGGCAGTTCATGAGGTACCAGTCGGTTGGCGAGAAATATCAAATGCAAAGCGGATGTGGTCCTCCACTACGTTACCATAAACACAGTAGTGCCGGACTGAAGCAGACAAGTTAATTTGCACATACATTCAATCTTGGT
seq110,129,TCCCCGGGGAGCCGATGTTAAGTTATATTCATCATTGCTGTTGCTTGGCTCCGGCCTCCGTAGGCCCGAACACCGTGAGACCTCTTTTCTCCTCAGGCGTCATTATTCGGGGGCTATATTCTAGCATCT
seq111,176,TTTGGATTGATCGTCTTTGGTGAGTTAAACCTCTGGCGGCGAACCATATCCAGATGTTTACGCAAACGAGGGTTTTTTGTTGAGTACTCTGTGGTAGGAGCCGTAATCCAGATGATTAGTAGGTGAGGCCGACCGTATATCGCTAACGACGCGTCATAAAATGTCTATCGTTACCT
seq112,129,AAAGTCTCTCTACGGGCAGCCCAGTGGTGATGGGCGGAATCGTTCTTTCCTTAATGTGACTGACAGTGGATGCAAGGTTTTTTTTGCAACGGTTTGATGGTGTCAAGCTATCCCGGACGTATTATCCGG
seq113,50,TTTCTCCACAGAGCTCTCGTGGCGTAATACTGGCTCAATGGCGTTTTCTA
seq114,124,TGTCATTGGATTAGTACTAGACTATCATTCACCCACCCTCCATCCTCGAATCACTCTCTAATCGCACCGTGCTCTGTAATGTTTTGGCGCTACCACCAGCGTGCATCAAGATTGGAGACGTTTA
seq115,94,TTACAGAGGACGTTCCTCGTGCAACGGAATTTCGCTCACTGAGTTCCGGATCGGTTTCAAAGGAGTACAGTGTGGCCCCCACAGGTACGGCTTA
seq116,115,CGTTTGAGTTACGCCCTTCTCCGCCTGAATCTAACCTGTGATGTCAACGCCAGAAACGAACCACTTTTTCGGCTCCCTCAAGATCAGACAGAGGGTTGGGGAAAGAGACTGGCTA
seq117,83,CTCTTGAGGAAACGAAAAAGTATTTATGCGAAGGAAGTTTAATTTAGTTCATATTTAAATCACGAATCATCACCGTACGTTTA
seq118,196,CGCCTAAGTGCGACGCTTATTTATTGCAAAAATGGCCGAAGGCTTGATGAACACGCGGAACATTTCTTGACTCGGTGCTGCAACCGTGCCACCTTGATGAGGATTCCGCAAGTTGCGCTTTTCGGCAATCTGTTTGAAAATCCGTGAATCGCTTCGCCTAGGTAGAGATTCGCGCTTGGTAACCTGCGCAGCCCGT
seq119,79,ATCACTCTACAGATGCCTGATTAAATGAGAAATGGGTTACCCAATTGCGTACACCCAGAGAGAATGCCGGTTACGACTT
seq120,118,CGTGCTAGGATAATCGCGCTCAATCTACTTATAGACGTAAGCCGATAGTGATTTATCCTCGGTGAGAATCTCCGGTGACCTATCCCCGTTCTGAGGCACACATTGCTACAAGGCACCC
seq121,69,TCCCGTTAAAGCGGAAGAATGACAGGACGAGCCCCTATACCACGATTCATCGCTGAAGGAAGTCGGACG
seq122,154,GAATGCCGTGATACGATATCCGCGTTCCCACGCCGCATGCCATCTAGGACAACGTATCCACTGGGGTTCTCACTCCCAGCGGGGCCGCCCTAGCCTAAAAGTCTGTGAACAGAGCCTACCACCACGATCCGGGACCAGATCGCATCCGAATCAA
seq123,199,GAGCCCATCACATTGAGCGTGTAGACGCATAAGGACGCCGGCGCCGAGGGCTGCGTACTAATAACTGGTCCCCGTGGCAGAATGCGGAATCTCTCATCTGAGGCTAGCTGGCTAGGGCTCGTGCCATAAAGCGCTTCCCTGGTGCCTATTCCCCGGCCAAGGCCACATCCGGTAGCTAATATACACCGCGAAAAATCGG
seq124,76,TCATATATTACCCACTCTTAAATGTGCTCGGGCTAAGTGGTCATGGCATACAATTCTGAGGGTGCGACATTGGAAT
seq125,81,GATAGTCTCGTCAACATTGACGACATGGGGTGGGATTGCCTGAGGCGCTTCGAATGACCGACAAACTACCACGTACGTCAG
seq126,148,TGCTATCGTTTCATGCGGACCTTTGCAACCGCTCTATAAACGTATCAAGCTAGCGGTGGAAAGAACCCCAGTGAGGTTTTCGGATTAACGTAACGCTGCTAGGGAAGTACATTTTGTACCTCGTCAATATAATGAGATAGGGATGTAC
seq127,175,CTCCTCTGCAGGGTCCCTTAAACTTCAGCGACCCACGGACAGTAGGGATGTTACTTCCCTTTCTGGCGTTTGGTTTCGGGCTGCTAGGTATTGTGGATCTAAGGGCCGTACCAAAGCGCTACGAGAATACTCGCCCACTCCACTATGTCACTAGCCCCCTGCCGCTTAAAGAGTC
seq128,146,CACTTGGTAGGTGCGTCGGTCTCTATGCTGGGAACTCAAAGAGCTCTGTCTTTTCTGCGGATCGCTATAAACGCTTCCTCACTGGACACGCACACCGGTCGGAGGTTAAGTCGCCGAAACGGTCGCCATGCGCAGAAACTTTCCTA
seq129,76,CATGTAATGAAATACGCCTCTTATCCTTTTCACGCTCATTTTGATTAAAGCCCAGGCCCATTCCGACCAATCGCAA
seq130,135,GCAGCAGCCACTGCGTAGAGAATCTACAAACTTGTCAAAACGTGGAATTGCCCAGGGCCAAACTCCCGAGACGAACTACGGCGGGCCGAGATGGGGCTACTGGGCTATAACGCTCGATGCACACGCTTCAAAATC
seq131,177,CGGAACAATTTAAACATGAGTCTCGAGCTTGCCCGTATCACTGGCTGCACCATTTCTTCTACGACCCAAGGAATGCGTTAGGCTCAGTCGCTTAAGGCTTTCACTTGGCGCGACGAAGAGAATCAGTCCTGTCAAAATGAAAAATCACACGCGAGTTCTGGTTTCTAAAATCCTGGC
seq132,122,ACCCCAAATACCGTCTGGGTAGACTAGATAGGTATGTCGTGACTACCCACCCCCTACATATTTCGCGGAATGCCGTTGGTCCGGACGTTCTATGCCGGCTCCATCAGCTAGCGCTCGCCACA
seq133,76,CGCACGATTGCACTAGAGGTCGTAAGGGCACGCTAGTCCGGTAAAGTGTGACTTCTCTCTGCTTTTCCTGAGCAGA
seq134,150,TTCTGAGGTGACCAATCAACTTTTCGCGGCGCGAAGCTATTCCGCGCGCCAAACTCGAGTTATCGAAGATGTCCCACGGGGATTCGCCCAAGATACGGACAGGAACCAATAATGCTATGACGGGCCCGTATTTCGTGTGAGTTTCGTGGT
seq135,185,ACCCCGGAAGTGACGCCGTATGGCCTTATCCTTGAAACCTAATTAAATCATAGTATCTCTAATGGAAGGTCCGGAAAACCCGCTGAACGGATGAGCAGAGGCCCCGACGCCCAGTCCTAAGGCAGGCAGGTACTCACGGATTCGCAGTAATTCCATAAGGAGTCAATTCGGATACTAGAACCCGA
seq136,144,CCTACCCCCCGTAATGTATACGCAAGTCTTCGTATATACAAAACTCGGAGTTGCGGATGCGAAAGTACGGAAATAGCCTGAGTACGGGCGAACGATGTCTACATTTGGGCCCACTTGCGCACGTGCATACTATGACCATGAGCC
seq137,58,CACGGGTCGTGGCATCGGGTCGAGTCAGCACTTGCACTCGGTTTCATTGCGGCGGGGT
seq138,101,CCATAGTTTACGCCACGCTAGGTTAAAGACACAATCGCCCGGGGGAGCTGTCTCACCCGCAAAACGTGCTGGACGTGTGGTACACGACGGCCGCGATATTG
seq139,104,GTTGCTCCAACTGCACCTCAACACCGTCCCAGTCACGCACTGAAATAGAGGATGTAAGCATAAGGAGAAGGCTGCCCTACCCCTTGATATTAAAGCGCGGGCTA
seq140,125,GGTGGAAGATTTAATACTCTACCCGCGTCGGGTTAAATACCCCTAGTTTACTAAAGCACCAGCGGTTCCTCATGATAGGGTCACTGCGATGCATTGTAACTCAGAGCCACTCATTAGTGTTCCGA
seq141,156,ATGAAACACCCGCAATCCGGTTCCCTTATGACTACGGCCTACACTATATTTTTTAAAGGGATGTCGCTAGCCCCTAGCGAGGAGAACTGCGGCAGTGACGAACCGACGTACTTACTTACGGGCCTTCTCACGCTCACGATGCCGCTTCACTACGTG
seq142,179,TTCGGCTCGAAGTACCGTTAGCTAGGAAGTGGCCCTTACGTCGAACATCTAGCCATTGGGTACCTTTATCCGTAAGGGCGAAAGTGCACGTCGTCGTCGCACTTGCGCGCGTCTCGTCCCTGAGCAGTACCTGAGCTATCAAAACAACAAGTTTGAGTTTTGACTATCTTCATCATCTC
seq143,68,ACCACCGTTTGACGGCGACAACAATCCGGCTAATACGGGGTACGGAGGGCGTAGGGTAGATGCATATG
seq144,194,GGGTCCCTTGTGAGACGCCTACTCTTGACGATTGATTGGTACGCTAGTTCTGCGTCTCCGGATTTTACGTTGCCACATTCCAAGTAGAAGGATCCATATAGAGCGCCGAGGCTGTCTGAGTGATTTGGCCCTGGGTACGGTGCAAACTCCTCCCTAAGTATGGTCTAGAGTGGTTGTAAGGTGGAAGGCTTCTC
seq145,83,ACGATCTAACTCGGCTCTCGCGTAATTCATTAAGACATGCGTCGGCCCACCTCTAATCGAGGCAAGGTTGAAACTAAGTTGGT
seq146,63,AAATCCACCGAGTGACCATTTAGAGTATGCTATTCAGTGATTATTTCCACGCTTGCAGAGTGG
seq147,149,TACGGCTTTGATCTGTAAGCGGCCTAGGCTAACATAGAGCGAAAACGCGAGTGTTAGAGTGGGCGCCTCCAGACGGCAACTTCGGTGGGAGCTCATTCTCCGGGGCCGGTGTAGAGCCCGAAAGGGGTTAGCAAAGCCTCGGTGGTACC
seq148,175,CTTAACGTGGAAGGGAGTCGGCTGTCTTAATTAGCGTTGGGTTTAGGCGACAGTTCTAAAGCCTTAAATTGCGCGTGGGATATTCCAATGTTTGTGTCCGTTCCGAGAAGAGTCGTCTAGTGGCTAGCTCATGAGGGCTCTCACCCCTTATAGCCGAACCTGGCCATTGTAAATG
seq149,105,GAGTCAGAACGGGAGCATATCGGCGTATTCAGTCCACCTAAGAGTCTATTGCGCTTATCATTACACAGATAGTCGCTGGCAGAATAGCGGCCTCTGGTCAACGCC
seq150,67,TACGAAAAATCGATCGTCCCCTACGGAGGTGACATGCTGCAAGCCCGTCCTCTAGGTGAAGTCACTT
seq151,114,CGTAGGCCGGTCACCAGTACTACCAGATGGGGTATACGGCCGATGATAGTTACCAAGTTTTGGGGACGCAGCTAGTTGGGCTCAGGTATACGGGTCACATGATGCCCGAAACTG
seq152,82,AATGGACATAATTAGCTCGCAATTAAGTAGAACAGCTTACGGGGTAAAACATGCCTCCAAATCTATAGGACAGGACGTAGTC
seq153,144,ATTACAGAAACGATATAAGCCGACCTAATAGGCAGTGTCCGCGCAGGGGGCATTAACAAACTGTGGTCCGCCGTAGCGCCACCGCCGGGAGTGGAGCTACTTGGTTCATGAATTAAGAAGTAACTGCAGGGTCTCGCGGACCAC
seq154,74,CTCGTCTGCCCCCCAAGAGTTTAGATGAATCATTCAACAAGTAACCGCGTGGCCAGGGCTAGGTGCTGGCAGCC
seq155,197,TCCATATCGGGAGGCTAGTGCTAGGTACGGTTTATCAATTCCCTTCGCCTAAGAGCAGCATACCACTCATATCGTCCTCTGAGTGCTAACTATTCTCCTCGCCCCGAATCGTTGTAGTTTCCCTTGATCGGTTGGCCGCTTAAAACCGGAATCCGTGGGCGTAGTAGGGTATAGATACACTAAGAACTTATTCTTTC
seq156,117,CCGGACGCCATTCTCGATGGGTGCTACTCCCTCGGAATCGAATACGATACCTAGCTAACATGCTTGCCCACCTGTGATAATCGTTATTTGACTGGAAAATGAACATATGCTGTATCA
seq157,186,GATATGGACAGACCTGCGATGGAACTGTTGTGACGCCCTTGAGGCGCTCGTAATCTGGCATCAATGGGCGATGGTCCCGACCCTATCGCCGTCCGGGTATCGCAGACACGACGCAACTCCTAGCCCAATATGCGCGGTTAAACAAAACTTCTGGGCGTCTAGTGTTAGACGATGGCGAGTATGACT
seq158,74,TAAGCGTTCTCGTTTCTCGTCAGCAACTTCCTCCGGACCACGACAGAGGTTTATACCTTCCTTGTTCCTATGAT
seq159,135,GGTGAACTCCGCGATCGGATCTTTTCGTCCTGCATAAGCTCTGGGGTAGACTAGAAAGAAAAGGATTTCGGAGAGGCGTACGCGCGTGATGTACGATGCGGATCCCGCTAGAAGTTGTTTACAACTCGCAATTCA
seq160,122,CAGGACGTTTTCTTGCCTACGATCGAAGTCTATTAGGACACCCGGCCGTTCGAGGCTGAGATGGGACACTCTCGCGCGGCGCTGTAAGCGGGTGCAGGACACCTCCAGATTACCGGGGCCGC
seq161,165,CGCTCGTTAGTATACCCAGCATTCCCCTGGCCCTTGTGAATGGTTCGTTCAAAGGGTCCTGTGTCATTAAAGAGCGCTGAGATGATACTGGGTTGAGAAGGTACGGCTGCCCCGCATCTCGGGCAGGGGATTCTTTGGTAAACTTTCGGATTGCTTCTGACCTGT
seq162,192,TCTGCTATCTCTTACGCAATGGGTGATTGATGTGGATTTTCATGACAAACGAACCGGCTCTTTCGTTTGGTTGCTTAAGCCTGCGAATCGGGCTGATGGGAATGTACGCAGGGGTACGGCCGGCATCCCTCTTAGCCTATTAGCCATGGTTCAACACCGGAGCGATGTTAACGGAGTCACCTACTTTCGAAC
seq163,95,GCGCCGGAGCCATCCGGGGGATAAAGTCTTCTCAGTGCTGGTCCAGACCAACGTTCATACCTCCAAACCGGAGGGTACTTCGTATCTTACATCCT
seq164,198,TTTTCGGTGATACTAGGGGCAATGTGGGCAGATCGGTTCGATTACTGCCCATAGTAACAAGTTAAGCCTGGACGCTAGTCAATAGATCGCTTGAATGCGCCTTTACCGGGTTATGGTAAGAGCGCATAAGATGAGATGCATGGTAGAATTAGTAAGTATTGCATCGCACTTCACCTAAATAATGAGGTTGTTAAGCGG
seq165,154,GATAGCGTGGTCTCACCACTTCGGAAAATTCCAATTCGAGCGCCCGGCAGGTGCAATGTTGTCCCGCGAAGTATCGCCTCGTTAGAAGGTATAGGGACCAGGACCCAGGGCTGATAGTCCTGATCGAAGCAAAACGTTGTTTTTGCGAACGGCA
seq166,187,TGAACTGCGTCTCTAAGGCCATCGTATTCAACGTAGTGGTGATTAGAACAAATGTATATGGCGCGGGTAATAGTGTTGGGATCTTTGTATTTCGGCCCCTATGGTCACAATCGCCTTATCTACAACCAGGTCAAGGACCTAAAGCAATACTCGAGTTTCAAGGTGCTACTTAAAGTGAGCATAGCCA
seq167,195,AGAAAACATAGAACCCGGGGCTCATCGATCGATCGTTAAGACTAACTTATTATTATCTAGTCCTGGCCTGCTTGCACTACCATTACCATTGCACAGAGGTGTAGACACCACTTGGTATCGGGGCAGATTACTGCTGATCTCCCCGTTAGGTTAAATTTATTTAGAACACGGAGTATGTGACGTTTTGGGCTATTA
seq168,184,TAGTGTCGCGCGAGGGTGTAATCGTCGAAACCTGGCCATTGTATCTACATCTGGTACATCTCGTTATATGTCACTTCTAATATCTATGCGGTATACTCGGAAGCGACCGAAGTATTCTAATAATTTTTGTAGTGTGAAAGCTCCGCTAGTTATAAATAGTGAACGTCGCTATGGCCCACATCAC
seq169,187,AAGATGGGTTAAACATATTACGATACACGCACGATATGGAGAACCTTGTTCTCCAGGCGGCGAGTGTCCTATGCGGCCATCACGGAAAGAGACCCACCTCAGTTCTGACCACATAAGCGATAGTAAGTGGTCAGTGATTGCCGTCGCCAGAAACAGCGGTGTACTTTAAGACACCGGCTTTAGGTCG
seq170,51,AATTAGTCAAGAGATCCAGCGCACTTAAAACAGGGTCTTTATTGAGTACTG
seq171,84,ACGAGTCATTTCCCCGGTTGCTGTCGCCCACAGCGGGCCCTTGACCACTTGGGGGCTTAAATCCCTTAGGGGACACGGAGTTCT
seq172,127,TCGGAGGGGAAGTACAAACTGTGAAGTCGTGTGCCTTTTTTACCCTGTCCCGCGTCTAACGGAGTGTGGGAACGACTTAGCCAATCGCTGGCACATAATATCTACGTCGAGCATAATCGTTGAATGC
seq173,95,TGGAATTACGACCCTTCGCTATCTAGGGAATCTGCTGCGTCAAAGTTGGTGCATTGTAAGGACCAAAGTAGGGTCTGGAACGGGACTTTGTTCGT
seq174,117,CGGTTGGTTGTTGAGAATTAAACCGGCGTCGTACGGGCGTGTTTTTATTCTGCCGGGCCCTGGGACTCATTTGTACTAGCCCCCAAAGCCTACAGCGACATACGTAATGCCCCAACC
seq175,91,CGCATCAAGGAAACTCTTTCTCAGATCCCAAACGGATATTCTATGAAGAAATAACCGCTCTCATGAGGTGGCGTTCTGCGGTGGCGTATAC
seq176,180,GTACGAGGAATCTATGCTCCTGTCATATATTTCCGGCCACCTGTACTACCAACGCCCCAATTCCTAAGCTGTAATTTTCTCAGAGCCGGTGCTAAACCCAGTTTCCGCGCAGACGGAAAGTTTGGACTGGTCCATGACATCAGTTTAGCGAACATAGTTCCCGCTGTGGCTCTGAACACA
seq177,62,GAGTCAACCATGCGTCGTTCACCCCGGGTCGGTCGCCCGCGTGCCCGTGTGCAAACTGTTTA
seq178,87,TTTCCGTTCATACTGGAACCCAAGCTGGTGCCGGGTTTTCTAGCAATTCATAATGTGTAGTTACAACTTGGCCTTAGAGATGACGAG
seq179,140,GCCTCTCATAGACTAGATACCTCAGTGAAACGTCCCATTGATTTAAGTGTGATGCCACCTACCTGATACTGCCTATGCTGAGAGCCAGAATCGCCGAGCAATGTGCAGCCATATGGGGTGATATGTCGTCTTCAGAGCGA
seq180,199,TAGGCCGAGCTCTTTATCTTAGAATCGACGGAGGCCTAATGTGTGGGGGTGCTATGCTTCTCGACACGAGCGCGGGTGGGGATTTGCACGTGTACTTCTTTAATCCAATGATGTCTCTCTAGCATAATACTCCAGACGTAGGGATGAGCGCCGTGTCGTGTGAGGCTAGGCACGGACGTTCACCTGTTAGGAACAAGAA
seq181,145,ATACTAAAATTCGCAGGGCCTCCAATCCGACATGCGCCTACGTTTGGAACGAAGCTTTGGTACCGGGCTAGGTGGCTCCTTTACTAATTATCAACAGCTGTACTCTCTACCGAGAAAATGTTGATACTTACGGCTATGTTTCCGT
seq182,86,TACCGCGACCGCTCTGAAGTCCTTAACTTTCGGGGTTCCACGACCGCTTCGCAGCTCCCATCAGAAGTAATCAATTTTAATTGAAA
seq183,115,GTCTTATCAATCGGCGGCCGCTGCATCGACCTGGCCTTTGGGTCTGGAGGAACCCCAGTTTCGCGATGCCACGGGTGACTTAGGTCGATTCAGCATGATGGTTATGGGTCTGGCC
seq184,95,CTATCACTTCGGTGCTATCGGTCTACTCTGTCGTTCCAATTGTCACGTTAGTCCGCTCGAGTACTCCCACTCTAACATCGCGGGCACGGCTCAGG
seq185,104,TGGTTAACACCTCGAGGAAGCCCGCCCTATATAGCGAATATAGTATCTTCTGTCGAATTTCCGGAAATACCTAATAACGATTACTGCCCTGACAGTCTAATGTC
seq186,112,AGTGCGCAATCGAGCGCGAAAGACTCCCGCCGTGTCGGTCTGAGGGAGTATTTCAATCTAATCGGCGCCGCACCCTTTTCGGTCTGTTGCAGAAGTACAACTCGGCGTTTAA
seq187,200,AATTGTGGGATGAAGATGCTAATAAGGACTCGTGAAAGAGGCTTAATTGATCTCAGTCAGTGTCCCTATTTGCGCGCCGCTTTAGTTTAACGCCTTGGCGACTGTAACGCAGAGTCATACAAATCAATCACATCTGGGGTAATGCAGATTCGTCTAGGTGACGTAGGCTCTCACCCGCACCAAGCCAACGGTTAACGGGA
seq188,74,AATGCTGTGGTTAAAGATCGCTGTGCCGTCGCCGAAGAGGGACCGCCGGGGCCATGATCGAACCGGGCATTTGC
seq189,138,ACCTAGCAAAGTGACGAAAGGTGGTACGTAACCTTGGTACGCTGACTAATTCCCTACAGTTAGACTACACGCGTCCATGTGATCTCTTCTATGGCGAGTCAATAGTGGGAACTAGTTGCATAAATTGGGCGCAACGTT
seq190,154,GTTTTCTGGATCAGCGGCTGGCACCTGTGGAAACGTTACTGGCAGTGTGAGTAATAAGGCATAGAAGGATGCCCCCTCAGATGGCAGGATGTTGGAATTATCTGATTGGCGTTCTCGACTAATACAGGACAATCCATGCCCCGATAAGCTTTTA
seq191,162,TGTAGAAGGCCATCGTATAATACGTCATCCTATCATCTGGACGCAAGAGGATTGACTCCGGCGTCGCAGCGAGTCGGCGGTATAGCATGTGGACGGGCGTGTACAAGGGGGCGTTGTGTGGGCTGGATTAAGCGAGCCTCTGAATGCTAACTGGCTGATGGC
seq192,62,GTGCACGCGGTGAGATCTGTTAATGAGTAGACGAACATACCTGAACCGACCAGTAAATACTA
seq193,57,GAGCACGTTATCTGCCTAGTAGGTCTAACCCATTACAATTAAGTAAGCGTGCAAGAT
seq194,95,TGCTGTTAGCGTGTATATCCCAACCAAGCTGAGGTAGAATGGTTCTCTCTTCGTTGCTAGACCGAGCAACAACTCTCCGCCCCACCATGTACTAG
seq195,98,ATTTCCGGGTGACATATCTGCTTGTCACCTCGCCGATAAGCTCCAATCTAGTCCGCAGGGTGCGACGGACCAAGCAATGACAGTTGTAGAAACTAACT
seq196,149,CTAAGCCGATCGGGACAGTAGCTCCCGAACCCGCTCAAACTGGTCAGTGCATGAGCGGACTTGGCGTATACATCCGACTGCATTCTTTACGTAATAAGGGAAGCCAGGAGCCTTAGCAAGGGGTTAGAGGGAGTGCTGTCAAATGGTAC
seq197,53,ATACTATATGACATGTCATAATGGCCTTAGATCTTTTCGTCTCCTTCGGTCCA
seq198,86,ACGGGTTGTGGTCCCCCATGTGTTCTCTGGCGAGGGAGTGTCACTCGATGCTGGTTACTATCCGGCCTTTTCGGTCGGGAAGTACG
seq199,190,AATCGAATAAGCCCCCCTGCAAACAACTCTAATGGGCAGCTGCTAATGCCGACTCCGGATCTGGTACATTAGAGATATGCCTTTCTACCTCCTGCTCGCTAGGAAAGCAGGATCCATGGAGGTTTGTCATAAAGCACAAGTTCCCAAAATTCGATACCGACCACACAGAACGGGACTTTGTGAGGTCGGT
seq200,66,GCTTTATTAACATGTTGAACCAACGATAATTACCTCACGAGTAGTATGCAGGCGTCCAACACGTGT
seq201,175,GTTGCATAGGAGCCGTATGTGGGGATTGACATCTGCAAGAAAATTCTACCAGAGAAGAAGTTACATTGCGCCAAGGTATGCTATAGGTTGAGAGCATCTTGCTGAACCTGGGATGGAAAGAACACCATCCAGGTTGTTCAGACAATGCTTTTGTCCCGTCCCGGAAGTTTGTTGC
seq202,166,CAGAAGCGTGGTTTAGCGAATTCCTTTAACGCATTGCTTACCCGATCATTCCGTTAGGTGGAAGCCCTTAGTGCAGGCGACCCGAAAGATTGCAAGGAGAGGATGCGTAGTTATCGGCCTAATTGTACTCAGAAGATACCTTATTTTCTAGGTCAACGTTACGGAG
seq203,56,GCGTTCGCCCGTTGTAGGGTATCCGGGTTGTCACGTTGCTACCTTCAACCGGTCGG
seq204,187,TATCCGCCTTGGTTGCTTCGTAATTTAGTGGGCGCGTCTTATGGTCGCGATAGCGCTGCCAAAGGGATTGAGTAGCCGATCGTACGAATGACAAGAAAACAATGAATCCGTCGTCCTCCACTATTCGAGAGGCCTACGTTCGTGTCGGACTTAGAGAATCGTAGCGCCTAATTCTGGTGGTTGTTCG
seq205,103,GATACGACCTAACATTATTTGCATCAGGTAGCGATTACAGCTGTGATTTGACGGAACCAATCTTCGGGAGCCCGCTCGCTTTTGCCTCATCTTGTGGAGAAGA
seq206,51,TCTCCCATCCTGATGTCCAAAATTCTATCTCACCGTGACGAACGAGAGATA
seq207,152,TTTTCCCCCTATTACATTAACAAGACAATGCTATACAACCGACTTTAAGCTAAGGCGATTCTGTGGCGTCGTGTCAATGCGTGCCCAGCAGGGCGGTATAGGACAGAGGAGAAGTTTCCAATGGGAAGGAGACTAGTAGCCTGGGAAACGCG
seq208,84,CTTGGAAAGGGACAGATTCTTTATATCGTTCTCATAATCGAGGTATCCAGAATCGGTAACCGAGGATGATGGTGTGACGCATGG
seq209,99,TTCATGCCTAGAATATAACCAATTCGCTTGGGGAAACGCATTTCGACACAGGGGAAGTAGTTAATAATGTCCCGCCAGCTGACGACGAGAACGGCAACA
seq210,182,TCATGGTTGTAGTGGAGGGCGACAATCAAAGTATTACTGTAAGTTATGATGTTATCCGAGTTCGCTAAGGACGCAGTCGAAGTGTTCGGCCAACACGTGTCTACGGGATAGAGTATCTCATAGTCGTCACGGTCGCATATTGGGGTCGAGTAGTGTGCTTGAGTAGGAGAAGGTGCTTTTAA
seq211,65,ACCAGGCAATCAGCTGCCTAAACGCGACAGTCTGTAGGAGAATTCCACGTATGAGCTTGCGTTGA
seq212,141,GTGCCATCCTGGAGACAAATTCTGGACTTTCCTCCAGAGGAGGCAACGTAGGGGAGATTGATTGCGGTCAGGATAAGGGGTCACAGAGAGGTTTTCCTTCTCCCAAAACAGCAATAGTGACACTGCAGTGATGCGAGCTCG
seq213,73,TCGCACCTTTCCTGTAACAAACATTCGGTCCAAAGAGCACGGACGATAAACTCAGATCAAACCCACGATATTC
seq214,180,ACCCGTGCCACCCGCAATGAAGCGTCTTATATCGTTATTGCTTTCGAAACAAGTCTAACACCGCGTATGACAACCTTTCGCCTTCAGGCCATGAGTTCTCAAATCTGCTGGTGACTGTTCCCGCTGAATACCACAGGTTGAAGCGGGTGACATACGGAAATAGCCCGACTTTCGCGATGA
seq215,76,GAGCATTTAAGTCGTTCCAAAGAAGGTAACAGTGAAGCCTTCCCGGGTATGCGGCCACAATCTATAGAATGTTCCA
seq216,60,CCCCCGATGCCCGCAATGAGCCCCGATCGACCTCCCTCCAGGAAGTGCATGTGCTATCTG
seq217,109,ACGGGATGTGCGTGATAAAAAATGGCTACGTAAGTTGGTGAGGCACAATCGAGGCGCTAAAGAATCGCTCATGTTCGAACGGCCCCTACAGTTTTTGCCATGGCGCCAC
seq218,180,GACGACCGATTGAGAGAATACGCTCGCCACGCTTTACCGAGTCGTGTATTGGAGAGCCCGAGTGACTACTTCACCATCAGCTATAGGTTAGCTACAAGTCAAACTAGGATAAAGACCCGAAGAGGGGCAAACTCTCGACCGCCCAGGGTGAGGGACGTTTGAAGAATCACTGCTTTTTAT
seq219,177,TATTTAATGAATCGACCCAACGATGAAGTCACACGCTTCCACGTGAACGGCGTTGTAGGACATGGCATTGTAAATTAGGATTTTATGTCCAACCCATGGCGTCCGGACGTGATTCTATCAGCAGTATAGAGCCAGAAATGAGGGAGGCATCCGGGAGTCCTGTTCTCATACGAGACC
seq220,135,GGTTTTGATTTCAAGTGACGTTAGCTTAGTCACGAAGCGTTACCCCATGGGATGCTATTGCACCGCACTGACCGGCAACAGTGGAGCGGCAATCGGAGCGTCAATTTGCTAGACCATCAGGAGTCGAAAGTCCGA
seq221,170,ACCAGGAACCTTAAGAACGCATTGTTTGCCATCCTGTCTATGCATTATCACACCGGTTAATGGCGTGTCGTTCACATGGTCCCAGTTGGACAGACGCGTTCACCCCCCTTAACGAACAAGTTTCATTCAGGGTGGTCGATTTGTCTGACTTGGGGCCCCCACTATGTGAT
seq222,150,CTATTTACGAAGCTATAACGTGCTAGTCCACGGAGTGTACCGGTGCGCGGATACGAAACAAACCTGAGCAATAGGACGTTCTCCGTAGGTCCAACACGTCACACTCGACTGGTTTCTGTCGCGATATTGTCTGAGCTACGGGAGGGGCCC
seq223,199,GGTCATCTAGCTTGGGCTTTTTTCAATATCCTCGTCCCCTTAATGCTGCTGCGCCGCATCCTCAATTTTACTTCTTGCCTCATAACATTGCCTTGCTCTTTCCAGAGATTCAACCAACGGTGCGCTCCGGAAATTTAGAGCGATCTTGGAGGGTCCTGCCTGGTCCGCCGAACCTAGGTCTCATACGCAGGCTTTAGCA
seq224,145,CATTCCTACTGTGCGGCATTGAATTTATGTTCAATCCGGGGATTGTGCATGTCAAATCTCTAGTAAAACGATTTCAATGGTTTATTTGTAGGGATCGAAAAGAATTGACGTATTGTACCTACCGACACTACGCCGGGTCTATTAG
seq225,122,TTAGTACGCGAGAGTATTCGACCAGCATAGGGCTAGAAGGCCCTCGCAAGGAACGTCCAATACGAGACACTAGACAATCACGCAATAGCTTATACGATAAGCTAAGCTGTATGCCGTAACTC
seq226,168,GCGCTCTTATGGTAGCCACAGGGTGGTTCAGTTGAAGTAACAATGTGATACAGCAAAATGCCGAGGCTTTCCGAGACGCGGGCAAATTATTGCCTGAGCGTGCCTTATGGATATCGACTGTGCGGTATCGGCCTACCAGAGAAGGAACAGGACCTGCTGCCACGCGTA
seq227,76,GGTACTCTACCACTCATATAGAGAGAAGTGATGTATATTAGATTGCGTTATATTATTCGGATTGCGTCTAATGGTA
seq228,115,GGCGAATAGTCTTGCCGTCTAAACACAAGGCGAGATAACTAGTATCTTTCCTAAATCCATCCATGCAACCCCCGTTCTACGGTGAGGACCCAACGAGGGGTGTCGGCAGTCGCGC
seq229,59,TGGTCATCGTCACGATCCTTTACGCCCCGTCGCTCAGGCGGAAGTTAAGAGCCTAAGTC
seq230,114,ACTTGGTTATAATTGTGCATAGTTAGACGCTAGCTGACTAGCTCCCGTATCTGCCAATGAAAGATGTGCAGTAAGTAGCCGCGTTTTGATCTTGGCCAGTGACGGCCAATCCCA
seq231,75,TGTCAACATATCCCCAGATGGGTATCCGAAGGACAAGATAGTGGTGGTCGTGAATCTGATTGCCCGATGAGGTCG
seq232,181,GCTATCGGCAGAAGGGGGAGCTTCCAAAAGTTAAATGATCCTGATTATTGATACATCCTATTCATAATACCCCATCAATGGCCAAGCCTAGATAGATAGCTAATACACTATCATGGATTCCATGTAGTAAGCCCGCACTAGTTCCAGTCCAGAACGTAGAAAGGTTATGTTCTTGTGATAT
seq233,172,ATACGGGCTCGCGTTTGTTCGCACAGCACGCATATCCTCCGGTCTGGAAACCTCCGTGGTGCCTGCAGAGTTGTTATCTCTTGGAACAAGACATTGGATAAAGCCTCAGGCTTCGAAACGAATTCCTGGAAAGCTTCTTATGTAGCGCCCTTCTAACGAAGATCTGTATCCT
seq234,53,TGACGAGCTGTTTCGTTGTGTAAGTATTCATTCCCTGACGGTGTTATTCTGTG
seq235,151,TGTCCGCTAGGCCTGCGTGGCAGCGGCCCTATCGGAGAAGAGCTTTGGATTCATTTCTCGAGCGTAGCCCCGCTCAACTATGATATAGAGCCAGATAGGTCTACTGTGAATTTGAGTGTTCTGCATCCGGTACCATGTCATAACAAAGGAT
seq236,173,CGCGAGGGTGAAGCTCGATAGGGTGGAACTCAATTTCCCTGGGCTTAACCAGTTAATCCTATGAGATAAGAGGTGGTTGCGACTATCAGGGAAGGAAGGGGAATGAGCACACCATGGATCCAGCTATAATGTTAACTGGTACCCAGGGGTGTCACACTATCAGTGGCGGAGGG
seq237,128,AGCGGATCTCGAATCTCTGATGTTGACGCGCTCTAACTTGAAGGCGCCAGCTCCAGAAGATATTCCCACGGATCGCGTCTAAGCTATTGCTCGGCGAAACCAAGTTACCGGATGCAAAGAGGTTCCCA
seq238,164,GCGGTTTCCCCGGGACCACAGCATCGACTGTACCCGCGCCAGACATTAACGCGTCCCTCAGCCTCCGTAATAGAACCGCACAACTGGGCGCCCGCCTACAGGCGGAGCCATATCTTGAGGTGAGAAAACCTAAGGCACACCAGCCACAATACGGTAATGCCTCA
seq239,172,AAACGTCGAACATTTCATACCTGGTTGCACCTTCGCGGTGGAGTTGTACTCACCGGTCAGGTGATAGAGATGCATCCGACGTTACTGCTTCCATGAAGATGCATTAGCACGACTGGCTAGGAGTGGCCTGCATCCCGCAAAGCCAACTTACCGACACGTCTGGTTGCTCCTT
seq240,192,CGGCCATTACAGCACCCGACGCGGACAATGACGGCAATCCTCATGGCGCCGGTTAGCCATGTGGTGTACTAAGGGGCAAGTTAGACCCCTGTCAAGTTGACAGCCACAGGCGGAATTCTAAGTGGTCGTCGTCGTTCTCTAAACATCCGCGATTGGATGCGAAGCAAAGGCCCGATCGTAGCATCGCCGAAA
seq241,154,GTATGGTACTGGAAACTACCCGTCCGCTGGTTGTGGCTACCACTAATATGAGACCGCCGAAGTCTTCCGTTTAACCAAGCTCCCCGTATGAAGGAGGGCTTATAATCTAAGAGTTCATTAAACAGGAGGTCTCGCTTACGCGCGCGATATTATC
seq242,191,GATGCGACCACATGAAGAGCTCACCACTTCGATTGCATGAAGAAGATAATACCCTAAATCGCTTTGCCAAGGGTTCTTACAGGCTATGGCCTGATGGGATTAATTAGACTCGCTTAAAACTATAGGGCAGTTGCCCGATAACTAAACGCTCAGTCTGACGGGGGTCGCAGGATCACCTGATTAGTACGTCA
seq243,139,CCGGTATTATCTTGAGTCTAACCCGTGGGCGCGCTTCCCTCCTCTAGATTTTGATCCAAGGCTCGATGGAACATAGCAATAAACCTGCGGAGAGGATTGTTCCAAGTCTAGATCTCCAGTTCGACGTTGGGGTGCACTA
seq244,153,GTAGCCCGCGAAACGTCAATTATCTCTCTAAATGTGGTCCTCTGCAGCCAGCCTGTTCCACAAACTCTGCTTCAGGGATGAAAATAGTTTCCACGTATACCTTTGCTAGTGCCCCACCGACCGTAGTTGCAAATAGTATCAAACGGCAATTAT
seq245,178,CTTATTAGCATCTGATAGGAATCTTATCCCGTCAAGAAAACATTACTGACGAAAGATCGGACACTCTTCAGAATATGGTTCTAACGTATTAACAGAAACAACACGTATCGGGTAGTCTCCAAAGGAATCGCGCACTTATGTTGACTATAATATGTCGGGGGATGCTCGCATCCGGATC
seq246,62,GTCGGGCCCAGCCAATGTGACTTGACCGAACTTAGAAGGCCGCAAAAGTATATCCGCGTTGT
seq247,72,TGATTCAGAGGCGCTGCATGAGCCTAGACAATGTGAGATTTTATAAACATGATCAAATAAAAGTGGATAACA
seq248,95,CTGAACCTTGATAACGCGCCTGGGAGTTACATGATCCGAGTGCCAGCCTGACGGCCATAAGCTGGATAGATCGCCGGTATGGAGATGTTGGCGTA
seq249,115,CTCTACCTGTCGACCGAGACCGCGGGCAAGTATGTACGCGATCCTGGGGAGGTCGGGGAAGTTGAAACTCGGGCAACACCATGGTTTGGGGTAGCAGTACCAGATAGTGCCGCAC
seq250,185,ACCGAGATATGATCGCCGGGTGTGAGACTTGGCCCAACGGAGAGGGTCAGTATTCCCGAGAGGCGGGCGTCTTCATGGTTAAAGTCGGGTAAGGCTACCGACTAATACTAGCAACTTCCTATAAAACAGATAACACTCTTGTTGTCGAGCGTAACGCGCTTGTGGTGTCACTCCACCGCAGGGTA
seq251,130,GCCTCGTGATGATTAGTCTGGCTGGCGAAAAAGTTGCCTGCTTACGCCACCCTCCAACAGTGGCAAGCGAACTGTTGGCTGTGCTTTGACGCTAATAGACACTCGCAATGGAAGATCTGCATCACAATAT
seq252,89,CCGGCTCCCAATAGCATTGGACAAGGACAGAGTCTCAGTATCGTATCGCGGGACCCCGGCCTCCTTAGCCAAAGCTATATCTCTACCTC
seq253,104,GGATTACTGGTAATGGGAACTGTTCGTGTTCACCCATCATAAAGCCTGTTACTGTGTCGTCAACGGAGACGCTCCTTCCGTTCGCGGCCCTCGATCAGTCGGAG
seq254,167,TGGAAATTTCTCTCTTACTTTTAATCATCAGAAGTTAGAAATCGAGCTACACGGTCTCGACGTATCAGAGCGTCTTGGGGAGCGTAGTAGCGACTGCGAAGCTAGTTAGCCCTATCGCTACCGCCACTGACGTCTAAGTTTTAGCAGTCACTAGCAGAATGAGTACA
seq255,159,TCTATAACGAAGTCCTACCTGCAGGCCGCATCTATGTAACATTCTTACTGAGAGGCCGATCTCTAGGCCGGATTAGGGCTCATTGTTGGACTGCGATTCTGTTCTACGTCTATTGTTCAGTTAGTATACCCATTGCGGTAGACTATACGCCAACTATTT
seq256,173,GCCGCATTTTTCCCCACACATCGTGCTAGCATCAAGAGATATTCTCTCAGTGATCTGGAGTATAGAATGAATTACATGCACATGGCTTTAGTACAGGAGTCGTTCACTAGCCTCGGCGCCCATCTTCATCAAAAGCCCAAAACTGCCCGGAAAATTTCCCACTGGGTTGACTG
seq257,182,TGGGTTTCAAGCCCCACTAAAAGAGTCACGCCTCCTGGTAGTACAATGAATCAACGCACCTCTCACCGCGTCTTGAGTGATCATCAACCCCACCCCCAGGTTGAGCTGTTAAGCGCTAATCGCGGTACGAACGGAGAGGTTAACTCACTTGCACATCCGTAATGCAGATCGAGGATGTGTTA
seq258,66,GTTGCTTAAGAGGGCTGCAATAGTGCGATCCTTACGTATGAATTGGGAGCTTAACGAAATGCCCTG
seq259,196,GCTAAACGACGTAATGGTGGATTCAACGAAACTACTATTGCGCGATAGCCCAGCGTTTGAAGGTCAAGTAATATGAAAGAACGAGCGTACAACGATTACACCTTGTGCAAGTGGAGACAATGGTAGGTTCTGTGTATGCATATGACCGCTTGATGATCGTGATTACCATATTCTCTCGGTTGCCGAGCTTCTACCA
seq260,98,ATACGGGGGTGGTTTGAATACCGAAGCAGGACATCTCGGCCCTGTTGTTGCTACGTCGTGCAAATAATGATGGGGTTCGAAAATAGAATTCTTACGGG
seq261,103,ACATGCCAGGGATAGTCCTGATACTCCGGACGGGAAAGTTGCAGCGATAGGGAACCATGCGTAGCATAACATGTACAGTGTTTTGTAGGTTCCCCTTCTGCAA
seq262,143,AGGGAACAGATGTGATCCTATAGCGTAGGCAAAAGAAAGCGGTCACATACAGGCGTTATATCTCAGAGCTGGCGCGGATTTAAGGGTTAGGGACCCATGGAGGCAACGTTCCATAGGGATATTCGCAATACTCCGCCACGTAA
seq263,103,TCCATATATCGAGATTAGGACGATTATTAGCGACGGTGGAGGCCGATCGTAAAAGAACATTTGTTCCACTTGTCTATTACTCGTAAACACAATCGACGTCCTA
seq264,55,ATAGTCATATTCCCAGAGCGCATTTTCGAAATAGGTTGGGTTAACGTGGATAAAA
seq265,71,CGGATAAACCATCACCGCCAGTGCCAAAAGCAAACATCCCTCACTTATCTGGTCTAGGCTTAATAGTGCCC
seq266,114,TCAGATTGACTATTACTTAGTGATTGTGATAGTGACGTGGTTTAATATGCAGCTGTCTTCCCTAGCAGAAGTTGGGCCAGGCAATGGCCATCGTCACCTAAGTTTTCCCGGATC
seq267,152,ACTATTCATGATGTCCATCTTTGAAGACTCTGTGAGCGGAGCAGCAGGACAACTCGGATTCAGTACGTGAGAATCACTATACCCAGACATTTTAGGTATTATCTTAGGTGGTATAGGAGGGTTTGATGATATTGAGTAAGGTGCTCTGCATC
seq268,168,GGTCTGTCATTATAACCGTTCCTTCAGAATGCCTTCCCACCATTTCCTGGGATTTGGAATAAGTTGTCGATTACGGGTTACGCACCCCGAGAACTCCCGCTTCAGGACATTTGTAAGCCATGTCTATAATAATTCCCCCGGAGCTTCAGTCGTACGTGCACCCTGGGG
seq269,140,GACCACCGAACCTGTAATAGGACAGTATAGTCTCCGCGATATTGGCTACTTCTTCCGGGTGTACTATTGCCTACTTGCTATGCGTATCTGGCGGTGTTCCAGTTGGATGCACGAGCGCTGACACAGTGCTTCGAGAGTCG
seq270,182,CCGATGCGACATAGGAGCTCGCATTATATCATCGTGGGGGTTGTCTCCATGAAGGCCATACCTACCGCTGAGCAAACACTGGAGACTGTCATCGTCGAACGTAGTTCATGCTGCACCTCTGCCCTCAGTTGTGTTGCCTCTCCCGATCTCAGGCTCTGTGTTGCGATTGTCGATGGAGTCTG
seq271,135,GGCGCTCAAGGTTACGGTCGACGGGGCCGCAGCAATCAGTGGCTCTGGAGCCTATTTCTTAACGCGCCGCGGCGTTTGAACAACTGTGCCTGATTCCTCCGATATAATAACAATACCGGGGCTTTGACTATCTAC
seq272,137,AAAAATCTCCAAGCAGATACTGAACTTGCCAAGTGTCAAAGGTTATCTGGATATCCAATGACGCTGGGCCACGGTGGTGATTGAAAGCTATTTACGTGATGCGTAGCCCTGGCACGGATGTAGTTTGAAGTGACTAC
seq273,170,ATAAGGGGGGGAGCATTCATTCAACCCAAGCTGTAGCTCACCTATACACCGTACTTTTGAGACGCCTGAGATATCTCGCGAAGGGGTCACACGGAGTCTATCAATGACACGACCTTACTGTGAATAAGCTATCCTCAGTGAAGGTGGGGGTCTCTATCAAGTACCGCCCG
seq274,138,CGTTAACGTGATAATCAAGTGGCGACTGTATGGCTAACAAAATTTGTCATAAGCACGGGTGCATCCCCCAGCAGGAATTGTCGACGTAGGTCAGACGATCCCACAGAAGCGTAGAGTAATCCCAAGATCCCGTCAGAT
seq275,140,AGCCTTGAGGACGTGGTTCTAACGCCGATTTCTTAAGTGTACGTCTCATTACTAGGACGAGTTCAGGTGTTAGTCACCCATGAATTTTGCGTAATGTTCATCCAATGTGCCGGCTGGAGTTAGGCTGTTAGTGCTTAGGC
seq276,81,TGTCTCAATTATGGATAAGCACCCCTTGTGCCCGCGGTTTTGGTTAGTGCTACATTAAGCAGATACGTAGGTTCTCCAAAC
seq277,183,CACAGCCGTTGTTGAACGTGGCGAACGGACCAACATCTCTTAAAAATTTGGTGTCGCGCTCTCTATGCTACGACCAACCACAGAAGGTAGGGTCTTAAGAACAGCGATGCGAGAGGAACGCTAGGGCTGGACACTTTCCAACCGCATGACTTATCTAACCGCCTGACGCGGACCAGACAGGCG
seq278,52,GGTACTCAAGGACGTTGGTAACCGGCCGTGCCGCAGCCCCTCAGCTCATGTT
seq279,164,TGAGGTTCGAGGCAGTGTGAACGTCTTGCGTCTCTGTCGGGGTCCAAGTACGCCCACGAAAGGCAGTGCCGAACCAGTCTACGAATGGGTCAAAATTAGACGCGCCAGAGATGCTTAACCAAGAGATGGCCGCCTCGTAACCTCCTTTTGATGCCATAGACCTA
seq280,113,TTAGGAATCACACAGTGATCCGGAGGGAAATACTTTGCTTGGTTTGCTAGGTTACAGTAGATCGAACAATGAATGTGTAAACTTAGAAGAAAGCGTGCATTTGTGAATGTATT
seq281,150,ACCAACCTCGTTCTAGATTTTATCATTGCTGATTGAGCATGGGTGGCAAACCAGATTTATACTGCCCGCATTCCCTACTTTCGAATCGATCGTCTCACACGTCGGGATGCCTAATCAGAGATTCACTCCGCACATTTGTAAGGAAACACC
seq282,53,CTAGATGTGTTCATGGCGGCGGAGAGGTAAAACCGACGCGGCCTAGTAACTCT
seq283,124,ACAAGCTGGTATCATACAGCCGGTTAAATTCTCCTATATGCATGCAGGGATGGAGTACGGCGATATACTCCAAGGGCCTACTGTAAGGGGCCCCGATGAAGTCTTCCTTTTTAGGCATTGCAAG
seq284,67,GCTCCTTGACGTTCTTGGAGGGGTAGTAAACTTGACGCGTGTCGTCCCAAACTAGGACCGACACTGT
seq285,172,GGCAAGTTAAGATCTTTGACACCCATTGATCTGAACTGACCGCATGTACCTTAGCCTGTTCCCCTATTAGTGCGGTTAGTTAGGATACACTTCGTTACCACTGAATCGACGCGATCTAATCACGTCAGGACAACTAACCGTGACCTGTTCTGATACGAGCATACGTGTGTTG
seq286,189,ACATACACTACAATGCCTAGCTGGGAGCCGTGCGGGCCCGTGAACCATTGCTCCGGGCCGTGTGTTGTCTTAGCTCAAAAGCAACTGATGGCCAAAACCTGGATGGCTATACTGGCACCAGGGACCAGACCATAACGCACAGGGGGCAGCGTCTCTTATGTTACTCTAGCGCACGCGGTCTACAACATA
seq287,199,TCCAGGTCCGCATTGGAACCTTAGTGACTTTCATGCCGACCCATAGTGACGTTACCAGCCGTGTGCTAGTCGACCTCGGCCATACGATTGGACTGGCTTAGTCCGACGAGAGCGTTCTTTTGATGCGTCCTGTAGTAACCGGGACTGTAAATTGTGGCAACGTGCATACGCCAGGCAGGAGGGTTATCTTGAGCAAGCA
seq288,96,TAGAGCATAGGACGGAAATAACTAAGTGTCGGAGTGTGACCGCAGCTATCGATCTGTGCTTACATACTAACGTTCATACGGGGTAGCTCAGAAAAC
seq289,141,ATCCCAGAGCGTCTAATATTAGGACCTGTCATCTTGTTCGCTCCGGAAGTCTAGTTAAAGCCGAACCACGATCTGATGACCACAACTGCCACTCCTACAACCCGTTAATAACCACGTAAACCTGACGCGGTCTCCTTCTGG
seq290,86,AACGAACTGGAAGGACGTATTGTGCACTGTCTGAAGGCATGATTACCCTATCGCGTCTAAGCGCCGTCGATGATTCATTCGGTATC
seq291,57,GTTTATGCTGTTCCATCCTGCAATCCTGGGTTTGCCGTAGTGGTGATCCCCGACCGT
seq292,50,GTAGCATGAAGTGACGTATACGTTAGGGGCGGCCTGGAACTGACCACTCT
seq293,102,CTAGATTCCGGGGAAGTTCGGCTCGCCCTGGGCTTGTACTAATTCAACCCAAGGAGACTAGCTTTGCATAATCGCTACGTTGCGCTACCACAGGACGCTCTC
seq294,149,TTTGGTGTCCAGAGCTTCGCTTAACAGTTCAGAGAGTCTTTAATTAGTGCCCCCGCGCTAAAAATTCCGCGTTTGCGCGGAATAAGAAGAGTGGGCAAAGGCCAAGATTACCCTCACTCGTAGGCACTGCTCAGGTTGCATTCCTAATG
seq295,97,GACTCATATCACCGCGACTAAGACGCAAGACATACAGGATTTTAAACCGAGCAGGGTAAAAACCGTATGGGCGCGTTACACTTAGCGATGGAGAGCA
seq296,76,CCCACACCGATTCCTACCTCGATACAAAAGCTGTCACAGGCTTAAATAATCGTCACAAATTAAATCGGAACGTCGC
seq297,87,TACGAACTGCCAATACTGTATACGCAAGTAGGTAAACTAATTGATACGCAAAGCTCTTAGCACATGCGGCGTAACAGAACTACGGCC
seq298,127,AGGAGCTACCTCGTTCGTAAAAGCGTCAAGTCAGTACCGAGTGGAACGCCCTGAGTGGGCTAGTCGTAAAAGCGGACTCCCTGAGGTTCACCCTACGTCTTTTCGTGCCCTCCCGGGCCCATGATCA
seq299,146,GAGCGAAGTAGAGGCAGTCTATAAAAGATTCCGTTACTCGCTTAGCCATCGGACGTAAGGGCGTGACAGGGTTTTGTACATGCGGAGATGGAGCTAAGTGTGGGTGTCCGGGTCGTTTGTATATGGGCGGTTAAGATGAGAGCACT
seq300,95,GGTTAAGCTGAACCGGAAAGAATGGGCACTATGAAGGTGAACGTAAGCACGCGACGTAACCTAAATCCGACGACGGACCAGTACGGCGAAGGGGT
seq301,126,GGCGCTTCGGACAAAAGCGTCCTGCACCTACGACTCTCCGGCGCGCTAGAGAAGACCCGGGATCAATTACTGACGTCTGTACGTAACATGGAGGCGGCTGCGAATAAAAATGAGTTGTGCCGTCAC
seq302,122,CTGCAGCACTGGATAGATGCCTCGGGCCTGACATCGCCACCTACCACGCAGATACCGCTTGGCGAATACAGCCGACTGCTTACCAGGTAGAGACAGCTTGTGGATTTGCAAAAAATGGCGCA
seq303,81,CCCCGGTGAACTCTGATCGACTGCAGTAACACTAGCGACCCTCTGCTTTTTTCCGCGGTTCAGATTTCTAAGGGATAGATC
seq304,104,CAGAACAAACAATAGCACTTGAATGGTGGTCCGTGGAACGACTACGTGCATTGACTACAGCCACAGGTTTGGGCACTTTGGCAGGTTATTTCACCTGGACCAGT
seq305,162,CGCGTGCGGACGCTAACGTGCATCAACCCGCGAGGCCTACTTGTTAGGGCCCATGTATGCTTGCAGACAAGGCATGTACTGAAAACCTTTATGGTAGGTACGTCAATATGCCCCAGCTGAATCCGCTCGACTACTCTATTCCTATATTCGGTGCATCCCCGG
seq306,187,ATGACCCCACCTTCATAGATGCCGTAAAACGGGTCCCGGTCCTCGACTCAGGCGTTTTGGAGCAATCTCCCAAGTAGTTTGGTTTGGCGCGTGGTTAGCACCAGAACCTGTAGGGCTTACTCGGCCATTTCTCATGTTCGGTACCAGTGCCAACGCCTGCTCACATGCGTTGACGTTTTAGTATGCG
seq307,52,ACCGGGTGTAGACAGATAGTTCGTCGGGCTTAGAGCGACGTTTTTGACATGC
seq308,123,GTTTTCACGGCCGTACCTCATTGGTTAGTATGATGCTCTTATCCCAAGCTACAGGGGTACCATTGCCTGGAGACAAAATTTCGAGAGCCAGATTTCCGCTCATGAGCACTTTCCACTTCAGGC
seq309,117,AAGCCAGTACAGAGCAAACCCCAGGTAGTATAGTTACGACCCACCTCAAGGTTCCTATGATTTTGGGGATGAGTTCTGACTTCCTTAGTGCTGGCGCAGTGCTTAACAGGTAACCTG
seq310,179,ACGAGGTACCACAAGCCGCTATCCCTATTGACCCCGCATTATTCTATAATTGCGGACTACATTTGCTGGACCTTTGTCTTTGGGTGGACAAGAGAATTGCCGCTAGGCACTGATTCAGGTTACTTAACTGAGCCGTGGAACACGGGAGCTCATGCCTTCGGAGAGTAGTAACTTTGACG
seq311,172,AGCCTAGCGGTACCACAGGGGAGTCTACATCTAAATGGTGAAAGTAACGTCTGCGCAAGGCTCGTTAGTTCTGCGGCTGGAGCTGTCCGGTCCTGGCCGCTACTCACATGGAGGTGGGCCATGGGTCGTGATGCTGTGCCGGTGTCGGCATTGATTGAAAGGGTCCGCGTGA
seq312,88,TTGTAAAATCATTACTAGGTTGTGACATCGGTTCCGTTTTTTAAATGTAGAGGCCAGTGGCGCTTAGCCTCCGACCAACTTGTTATTT
seq313,120,CGAGGCGCCACATATCCGGATCTCCTCGTACTTTCTGCTTTAGTAGATGGTATCGACGGAAAAAGCTCTGTATACCTAATCGAGCACGACGCCTTAATATCACCCAGGGAACGCTCCGAA
seq314,144,CTGTTCCGAAGAGCCGATGGCCTCCTGTGCGGGAGCAATCATAGGCACTAGACGCTCTTATCTGGGGTTCCTTGCATTGCCTGGCGCTCGCTTACTTTACTAGTGAGGATAGTCTGAGATTGCTCTCACTATTTCTCACTTTAA
seq315,112,GACGGGAAGCACCATTTCCTTTTTCTTCACAGCACGGTCGATATGCATAGTTTCCAGGTCGAACCTGGGTAATGTTCATGCTTCTACAGCGAGGCTAACGCAATTCGGTAAT
seq316,63,GTAACATGAGTCATGCTTCACGGGAGGAGTAGAATGAAGCTTATTTTGGCCTACAGGGACGGA
seq317,182,CGAAAATCCTACGTGCCTCACATTGGGGCAACAACTTCGTTGGGACCCTGAAGCGAGTGAGCATGTGAGACAGCGGGATCGGCAGAGCATCCTCCACCGATGCTGAAATACTCGCATCCATCTGAGTAAAGTCGGTCCGGATGTTACGCCACAAAATCACTCCCCTGCGAAGGGATTCTGAG
seq318,102,GATACGTCGACTTCGATCGTCGATAGGCTCGATAATCGCATTTAAGACACCAAGGGCTCGGGATTGTAATTTAACGTGCACTGTTTCCAGACCGCCGCTAGG
seq319,102,CACGGCGACTTAGTTACACTCAGAACGTTGATAGTGGTCTCTTAGGAACCATTTTTTCGTCAGCGGTGACTCGCAAAGGAGCGTAGATCGCGTAAGAAACTC
seq320,127,AGCGCACCTCTCCCCCATAACATTAGGATACATGTCCGTTAATACAGGAGTGCTCGCGCCGATTTCGGTCAGGTACATGCGAACGCAAGATAATGAGAGTGGATACCGGAAGGCCATATCGAACGAG
seq321,182,AGAACCAGTTAGATGGAGCGGGCCTTTTAATAAAGTTGAGGGGTCTGCGAGCAAGAGTTGTCGATATTAGTTATAATGTTAGCTCATAAACCACAGAAGTCCGCGACGGGCTAAGTTGGGAATAGGTGCCTTCTCACGACGGTGGGTCTGTTTAACGCGTGCCGCCATCAAGGTTCGAGACA
seq322,139,ACCTCCACATGGGTGGTGCAAGGTAAAACCCGGTACTCCTCTAGACTGGGATACAGGCAACATGTAGTCTAAATGAACCGTTCCTCCCCTCGACGGAGACTGTATCTGGCTCTGAGCTTGCTCGCGTGCATCGATTACA
seq323,109,GTTAACCGCCACATAAAAACAGTTCATATAAGTATGCATACACCCCTGGTATTCCACGGGTACATCATTTGGTATTAACTAAACTAATATTAGAAGTCTGACTCAACTA
seq324,185,AAGAAAGTCAGTAAACCATTCGTAACTATCATAAAGTTGCGCGCCTCTAGTACTAGCACGCCGTCTGTGATAATGTGATCATCAAGCGACGGTAATTTGGGCCTGGTTCTGGCCTCCCTGCAGACTACTTTCACCGCCCAGATAGAGGAGATAATAGGCCCAGTGAGATGCCTACGCCCAAGTGC
seq325,71,AAGATAACCGTAGCACTCCGCACCCCCGGCCATATCTGGATGAGGTCGGCGTCGAGTCGTATTGCTTTCCA
seq326,184,TTATACCATTTTTTAGGATTACGGTTTTCTACGCCCGTGTCGGGCTGTCTACACCAGTTGATTTACCGAAATGCGACAAAGGCAACGTGGGGCGTCCTATCCTCCAATATCCCATACCTCCGCGAAGTCGTACTTTACATTCCCTCCGTTCGTGGCAACTTCACTGCAGGTCCTATTCGGGCGT
seq327,174,ACGGTTCTAGGTCATGCCCGTGCACTTGTCCAAACTTATGGCGACTCGACGACGTTCTCGACATTGTTGGGCTTTACAGACCCGCAGTACGCCGACAGTCTTTGTCCACAGTTCACATGTACGCTATACGCTTTAGGGGACATCCTTGCCGCGATCTGAGAAGGACACACGGGC
seq328,51,GCCAACCCGCGTCGAAGATAACTGTCGTCATAAAAGATAGTGGGGCATGTG
seq329,104,TTTATGGAGGGTGATCGTCTTATTCGAGACACGCCTGGCCTACACGATACGGTCACACTCCAATTAGGAAACATTCAGATTGAAGCGTAATCCTTTTTTAGCAG
seq330,55,CATTATTCTGACGCGTGGAGATCCAGAGTCCGCGAGAATAGGAAAGCCCCGTCGG
seq331,70,TCCAACTTGCTTGTGCCGCCTCCTTCCGAAGTTTAGCCCTAATTGTCGTGTTGTGCATCGAACTGTCGTC
seq332,154,TGTCCCACGAATCACCCGCGCGAATCGCCGATATCAGGCGAGAGTGGGCTCAAGACGCCTATCCCTGAAGCTTAGAAAGTCGCTCTCTGGGAACCCGCGAAACAACAAATGGAGTGATCTAGATGAATTTGCGTGCTATACTCTCCGAGTGTTT
seq333,126,ATAGGAAAACGCGCGTACGCGCAATCCCAGCGTTAGTCCCTCGAGCACCACTGTAAGTAACCACAGATTTGAATGTCACACTTCAGCAGCTACCCGAACGACAATCGGGCACTGAGCCCTGTGTGG
seq334,131,ATGCACGGCTCGACACTATTTATGTTAGGATTCTCAGGCACGTAAGTTAGCCAAGTAGCATTTTTACAGGACACGGGGACCTGTAACTGATCCGCCAATAATATGACGGACAGTGCCTGTACCGCACTCTT
seq335,159,GGTAGAGTCCTCTCGTTGTTGGATCGTAGGTTACTGATTACATAGTGCTATAATATGGGTAACTTATTGCGACGTTCCGGTTCGGCAAGGACTTGATGAAGGTGCACTACGAAGTTTACGCCTGCTCGTGACTCGCTACTTCAAAGGACCCCCTACTGA
seq336,139,GGACCGATTGCCTTGAGCCTCCCAAGAAAGCTTCGTGGCCCCGTGACTGAGCTGTATTCTACACTTCTACTTTGAAACCTTCTGTTATTGTCGTCTTCCTAAGGATATGTGTCCAATCCTCATGTTTTCCGAGACACGA
seq337,63,TGGCACAACGTATGTTCCAGGAAGTGCTGTGCACAAATAAGTCGGAGAATGTCCTAAAGTATG
seq338,158,GGTAAAATTTGGCACAGGCGCTGTGACGGCCTAGATCTTGTGGAGGAAAAGTGCGCTGAATATTCTCGCGGCGGCATACCCGGCTCTGCACTCTTTACTGCTCTCACTTGTCTATCATCATCGAGCCTGTCGGACACCGTTTGCCAACTTATAATCAG
seq339,105,ACACTGGCTAGCCAACACACCACTAGCATCGGAAAAGTCTAGTTGACGCAGCGCGGAGCGAAGTAGATGCCGCGACTGTCAATCCTGAGATGTCTAAACCAGGAC
seq340,142,AACTCTTGGAACCGGTAATATCATTGGATCTACGGAACGCTAGCCCGCTCACGATTTAGCCCCATACTACGTAGCGTTAAGAGGCCCTTAGCTTCCACACCTTACGGGTGGGAGGATATGCTGAGGTACCTCTGCCCGTAGA
seq341,65,TCGCTCTACCCGGGCGGACGCTCCTAAGCTCTCCTTATGAACCACCCTGGTGATTGGAAGGGGGG
seq342,103,CAAATATGCTAGACCACGTACAACAACTGCAACCACTTTTTTGCCGTCTTATGATGCGACCAATGGCCGCGACTTGAAGGCCGGGTTCGGCAGGGTCAGGACG
seq343,156,AATGGCGGGATAAACTCTTTTAGCCTGCGTACTTCATCCGAAATGATAAGTATAGAGCTTACAGCCGGCTAGTAGACCTCTCAATCTCGTATGCTTCACTTGCCGACGGTAGGTCCATGACCATCCTTCAACCTCTCCCGCGTACGCGGAGGAACG
seq344,128,TGGAGCGGACTTAGCGTGTATGGGACGTTGCCCCCGGTACAGCGTTCGTCGCGATATGTCTGAGGCGCCCCGAACATGATACGTCGTCTTGTAGAAAAAATGCGTAACAAACTAAATAGCTTGCTACT
seq345,95,GGCCTCAGGTTGCATGGGTACAAGTCGATCAGCGCGTAATACACGAGCCACGGTAGGGCTTACAAGTCTGCCTCATACGCCCCCGCCTGGAGACC
seq346,164,GAGGTTATGTCGAACACCGAAACTGACCTCACCTGCCACATAGCATGCAGCTCCCTCGGATGTGCCTTTCCTGTTACGAATCAATCTGAGATTAGTCCTTTTCGCAAGCATTGACTAGGGAACTAACAAAGGTGGTAAGCTTAGCCGGGGGTGCCGAAGGCCTC
seq347,164,GCCTAGCATATGTATCCCCTTTAGTGTACGGGACCATTTGTCGAGGGTTAGTTTGATGTACACCTTCGCGTCGTCTATCGCAGGCAGCCCACATGACTAAGCACAAGTTTGTAGACATTCACCAAACGAGATTCGTGGTGTCAAGAGCCTCATCGAGACGCTTG
seq348,138,TACAGTCTTGACCTTTATTTGCGTCTAAAATAGGAGAGGCCCAACGACAGGTGAATGCTTGTGCATTTAAACGCCAGGCTTGCTGCTGGTGCGAGCTCTGAGTAACACTGCCGGCTGGTCGAAATCCCCTATATTAAT
seq349,182,GCACAGTTCTGTGACCGAAAAGACTGCTCGTGTTCTATCCTAATGAGACCGAACATACATCTCCTCACAGGCCAGGGTAGTACCCCATATTACCGCTTTGATGTACGGGTCGGAAAACAAACCGTATGGCCCACATCAGATACGTATTGGTACCAATTAGCAGAATGCGAGTTTGTCCCAGT
seq350,70,CTGGTAAGACGGGGTAAAACCACCTAAGGTGGTGTAGTTTGTAGATATTTGAATTGAATCATTGCCGTTT
seq351,111,TTATTTGCTCTCGCGACCTCATATGGTGCACTTAGGAATCCTAAGTTTAACCGTTACGCGCGTCGCGTGCTGCTTTTTCTCAATGTGGGGGATTGCTTTCAAGTCCTACTC
seq352,85,TATTATGTTAAACTCGGGCACACCCCGTATACCGAAAACGCAAATAGCGATCCTTAGAAGCTATTTCAGAGTCTGGTCAGCTATA
seq353,196,TGCCCCCCGTTAAATCTGATAAGCAGAGAGATCGCGGATGGACCGGTCGTCTAACCGCCTAGTTCTGTGCCCGCACTCTGTAAGGGTGGAATTATCTTCGTTGACGGGCATCGCACGCGAACAGTTCTTCGCTAGTATACGTTCTAATGCTCCGCAATTTAAAACATCTGAGTTACGCAATATCGGCGGGGTTTTT
seq354,52,TAACGCCAGTGGAATTCGAAGCTTTGGCTACTGAAATGTCTAGTAGTACAAT
seq355,139,AGTTCAGGGTTATCCTGATATGTCCTACGACAGGTGTCGTTGACCTTGATCAACTGACGTAGGCTCTCTAGACGATGGGGGTGTGACTTTATTGCAAGATCTGCCATTAGGCGGTGCTAGTGGTGCTAGTTGTAACGGC
seq356,198,GGAATCGCATAGCCGCTTGAGGAGGAGTACGTCCCATGTGCGCCGTTCGCGGAAATTACGCGGCTGAGAAAGCCCACGTGTACATAAGCGGAAACAGTCCGTCTTCACCGCTCCTGTACCGGCGACACTTAGGTGCATTCGCCAAGACTGAGGGCTGCACGACTACTAACTCCTCGTACGTCCCGTTCTGCGACAGGG
seq357,152,CCTACCAGTAATGCGACCCACAACGAAAGGGCCCCCCTTGGAAGGCGACGCGCGGCTAGTTCATGGAAGAGCTCTCTAAAAATGTGCAATTATCGAATAAATCTGGTCCCGTTCATGTATTTCCAAATTGCGATCTTACATGTTTAATGTGC
seq358,141,TGGATAAGCTCGCTGGCAGTCCGTAGCCCAATGAGGGCCGGCACAGGCACTGTTTGCCTGAACATTTGTTGACAACCCCCTAAGGGATGAATCCCCCCTGTATGACCAGGCGATATTACGGCACCTGCCTTCATTATGCGT
seq359,162,GAATTGCAAAAAGCACGGCGGACTTCACCCTAATTTCCAGCAGATCTGCAAGGGTTCTGTGGGTATCAGACAAATCATCAAGGCCCCCACTCGTTGCCGTCTCTCGGCCTACTGGCCAAGTTCCTGCCTCCGTATACAAAATATTCACGCTCAAGCCAACTT
seq360,117,TTTCTCCGGCTCTAAGCAGCTGATGACGTCGCCGTACTAGTTAACTCTATAAATGCAGATCTGCATTCTCGCATCTACGTGTTCTTAAGCGCGTATCAGTGGCGCAGTACGATTCCA
seq361,110,GTACCCTCCAAAGGTTTGCTTAAACTGTGCGATTCTTCGATCGGAGACGTTGTTGGAACTGATTATAGAAAGGCCCTAACGACCGCTATATCTGGCGCATATCCCTCCCT
seq362,156,CGCCTCTGTTGATCAGCAGTACATACAGGGTGTAAGGGTGTATCGAACCAACTAGAGGTCAAGTACCTGATATTAATCCCGTAATATGTGATGTGCCTTGCTGTCGCCTGGAATGCGGACTGAGTGTGATGGGTTGCGTGAAATTTACCAGGACAG
seq363,57,AGCTACTGATCCGATCCATACCCACAGAGGGAGGTCACACCAGTCTCAAAGCATTGA
seq364,114,TAGTATGGCCTCGGATCATGACGACGGCGGGTTATCGCACCTACCATGTATGACCACGATATAGGCCATATGGAATCAAAGGATCCGAAGGGTAGACACTACGTTGACCACATC
seq365,70,GCGCTCTTGAAAAAGGAGCCTTGCCACGAATTAACACCGTGTTGTCGACGGTTATTTAGCCTCGCAACGA
seq366,180,ATCGGGTGCGTCCAGCTAGAAATCCTCTGCTAAGGTAACAGAAGGATTCTATAGGGTCGTCATACGAGTCCGGTCAGCGTGGGACCGACGCTAGCCGTCTGCCGAAAGTGGTAGGGGGTACATAACTCCAGTTTCTCGTGCGTTCGTAGGGAGGGTCCCTTGAGAATTATCGGCCGTACA
seq367,70,TTCTAAATACTTATCTCCGACAGCGAGTTCACACACTCTGGCACTGACTGTGTCTGCTCTTCATGGCACT
seq368,174,GTATCGCCGGGTAAATCTCACCCTACGACGAGCGCATACGATAGATGCCTATATTTGGCATGAATGTATGGTTTGCAAATAAAATCTCTTGCTTCACCTTTGTGACACCACCGCCGAAGTGTCATCCGCCGGAGGCCCTGCCCCAAGATCGGGTCGAAAGTCCTTCACGCCCGG
seq369,158,GTCGGAACAGCAGTGCGGCGTAGAGATTTACTGGATCATCGCCGAAGGTTAGCATTCGAACGGCGGCGGGGTAATGATTCTAGCGATCGGTTAAGCTGAACGAGCGTGCGCAACCTCAGAGAATATATAACACTCCACGCGCAGCGGCATGAGTTGAC
seq370,158,GCGAACACCGAACTCATACCCAGCCTTTTTGCAAGTTTACCTCCAGATACCAAACCAGCTGCCCAGGTCGTCGAAGATAAAACCTACTCTACGATGCCGTGGAAAAACGCGCGGTTTCCCCTCAATAGCATAGCTGGGTTTCCCGCAAGCCCAGCACA
seq371,89,GTGCAGACATTTGGCTACGACGGCATATTCCGGTTGAGAAGAACAGGACACGTCGTGTTCGTCATAGGCGACGTTTCACATGTCTAATG
seq372,160,CGATTATTGTTGCACCTACATTGGCGTAGCGGAGCTCTTAGCAGGGGTTACACGCACTAATCTTGCATAGGCGCTCCGTTATTGGAGAAGCAAGCCTACCTACTGGTTTGTAGAGGGTGATTATGAGTGCGATCGCAATAGAGGCACAACCTTACCGATG
seq373,156,AAGTTGGGGCAAACTTTCGACGCTTACTTAGTAGAATCAATGGTTATGCCTTCCGACTTAGGACGGCGTCGGGCATCTCTCTCGGTAAGGCAATGCTCGCACCATCAGAAAGCTAGCGACCATTACGATGGGTGCTGTCCAGGGCTAGGGGGGCAA
seq374,53,CCGCTACGCGGCCCACTTAATGATTGGAGGGGCCCAAGTAATTTGATAGCGTT
seq375,52,CGGTACGTTGCAGAGACTTCGCCGCAATGGCAAGCTCTCCTCGAAGCACCTT
seq376,76,TTGATGTAACGATGTGGGTAGGTGGGGAAGGGCAGTGGTCTACCTTAGAGTATAAGTCCGACAGAGCGCTTCCCCT
seq377,188,AAAGGGATCTAAAAATCCTCGTAGATCGGTCGCTCCGAGAATCCGATTGTCTCAACGTCGGCTCATTATATAGCTTCGATATTGTAGACAGGTTGCAGTTTCAGCTATGACTGGGATTACATGTCAGCAACGTCGTCTTTGGTTGATATTAACTACTTTCAGGCCGGAGGCTAGGTCGTGATACCGAG
seq378,86,CTTTAGGGTATCAGTAATTTTCGTTTGATGGGAGGTGTAATCTCTCTCGCCCGGGACGACGTGGCCTCCAACTTAGATAACGTACC
seq379,171,CGCATTATGTTGAGTATCACTGGCGAACAATGTCCATTATAGCAACAGGGGGCACACCCAGTCCAATCATGGGAGGACAGCTCATAGATCTCACAATGTCTTCCGGTTAGTGGATCGCCCAGTCCCCTCGGTTGCGTACTTCAAAGTCGTGGTGCTCCTTTGACACATATC
seq380,79,CATCGTCGACGGTCACTTCTCAAGCACGAACTGCTGTGTCCTATCCCCTTACTTCGGCAGGGAGAGACAACGGCCATGG
seq381,169,GCACATCTGTGGCCACGAGGCAGTGAGCTTATCGAAAATAATAAACGCACCATGCCATATAACAAACTCGGTGTATCTGAAGTCAGCTAACTGCCGGGCTCGCCCAATTTAAGAAAACTGGAAAGCCTCCACGGATCACTTCTAAGATATACGACCATGCAGATTCGAG
seq382,61,GTGCCGCGATTGTTTTTGATCATAGCTCTGCTAAGCTTTACTATCTCTCGGTTAACGGGCG
seq383,177,GGCCTCTCCCTTTAGCCTCAGTCTGAGCTGGCCGCGTTTTCGGCTAAGCCTTTCGGGTCCGCATAGAAACTTGAATGGAAGGAGCACGGCAGAGATTTTTAATGGCAAAACGATTCCTTCTGTAGAGCGCGGTATCGGAAGGGTGCCTAACAATAATATAGACCATATCAAAACCTG
seq384,83,GATTTACGAGATCGATCGCCAGAATCGTTTTTCGGGACTTGCTTACGTGCTTGTCGCGACTGGGCTAACCAAACAATTATGGT
seq385,140,CCTTGACCGTGGGCGCACTACTAGATACGAAACCCAATAGCGATCGCCGACTTTAGTCATACACAGGACTTTCCCTGTCCCTTAAAGAGGTCCTCAATTCTTCTCACGAGGAGAGTCTATTCCCTCGGCTCGGTCATTTG
seq386,64,GTTATGGCGGGCTGTATCGATCCTAGTGCTGGACGATCTCGTCGTGTGGGCAACGGACCGCCCC
seq387,135,TTAGGGGTACCTAAACGTTTGCAGCCTGCTTGAATACGAGGTGATATTGCTTCTTTCCACCCATTACGAGGCTCGCCATTTCGCGTGTTGCACGATCCTGCACACTCGGATGATGTACCGTCCCACCCGCAGCTG
seq388,183,CTCAAGCACTCGCGAGCCGACGAAGCACTCAAGCAATTGTGATAATGCTATGAGCGTCATGGAAGGTAGCTACGCCCCGAAGCCCCGGTCTTACTTCATAGCTAGCGCAATTTGTCTGTGACTCCAGCGACACAACTCGCTATAAGCGAACGTTGTCAGGTCAACGCCTTCCTATCCACTCCG
seq389,167,ATAAGTTTCGCCGTGCTCGATTCTATGTCTATGGGGGCCATCTGTATGCAGTAGGAGACTTTAGATACCGTGCCTTGTCTTTCGGAGGAAGGGGGCAGTAGACGCGACCAGACTCAGCCGGCGTAGAGCGTCCTAAAAGAACGAAGATCTCGGCGTACTGCACCTCT
seq390,123,TACGATAGTGGGAATTTAATAGCCGTCGCCCAGGTCGTGTGCACACAAGGGAATTAACCGCACGTCCCCTGGTCAAGAGGACATTCGCCCATCGAATGGAGTTGTGCGTCCTCCTGGTGTTGG
seq391,95,GAAGGCTTTTTAGTCGTAGCGCTTAGCAACTTGGTCTGTACTAAACGCCACGGCCTATTGAGGCTAAATAAGTCTTTACATTCATATGCGCCGTA
seq392,166,CACCCGCCGCCTACCAAGCATCACTTTGTCCAAATTTGCTAGTGCGCTAGCTCGCTCCTTTACCACAAAACATTCGCGACCATACCTACGCACTAAGTAGATATGCGCATGACCGGGGCACCCTTCCTAATGAAGGGTCTAGGGGCTAGGCCGAAGTCAAATAAAC
seq393,107,GGCTCTGCTATGCCCTGCGATGGGGTGGATAGTTGGGCTGTTTTCCTCGGAGTTAGAAAGTGTCTGTCTAATCCCTTAGCGATGCACGAAGAGTCAAATAATTCCGG
seq394,186,AACCTAGGAAAACACAGTCAGCGTCTTACAGAAAGGACTTCCCGAGATCAGTCACTTTACTGTGGAGCGACTAAAGCCTAAGCGATTGCAAGCCGACTATCACGACTGCGTAAGCAGCTACTGCACTACTATTGAGTCGTTGTACCTGCGACAGGCATCACGTCCCTGAGTTATCCAAGTTCGGTT
seq395,173,TCCCACAAATTAATCGGCTTTCTTTACTCAACCTAAATGGTAAGCGGAGCATGAGGCCGTTACTGCATACACTCATGTCGGCAGAGTGAGCCGAGCGTGTTGGGCTTCCGCGATTAGAACAACAGACTGAGGGGGTTAGACATACGAGGGGTTGCCTGGGTGCTAAACGTCCA
seq396,170,CTATCAGGCTTCCACGGACCAACCAGCTTTCCAATATCACAAGAATCGCAAGGATACCTAGGACGCGTAAAGACGATAAGGCTCACAGTCAATCATCATGAACGCGTTTTGCGTGCGTCCGGTACTAAGAAACCACGTTTGGGTGGATACGATGAAATATAGCTACATGA
seq397,160,GCAAACATTAGGTTGTTCAGAGGAACCAGACATAAGCGATGGATGAGGCTGTAACAATGCTTCGCCCGGGTTGAATTGCCGGGGTTTCCAAAGGTGTTTCTTTTTCAACGACATAGCGGAAGCTCCCGTAGGTCCGAACACTCGTGGCCGGTAGGCCTCG
seq398,160,GGCCCTGAACCCTCTTATAGACATTAGGGGAAACCACATCCGTCCGAGAATATTGGTCCGTAAGGGATACGACATGATCGGAGAGCTTAGGTTTCTCCGGCCAGGTTGCCCGACAGCTACGAGCAAGTCACATTTTTCTATGACCAGACCTGGCAGTCAT
seq399,74,CGGTACAGTCTGGTTAGCGCAGTGTGGTGGCAGATCCGGTTTGAATCTTTCGGACGGGCCTTATCCGACGTGAC
seq400,57,GACCGATTACTTAAAGTCTGGACACATTATATGGAGGCCGGCGTAAGCTTATGAGTG
seq401,136,GTATAGTCCCGAAGACGCCACTTGTGGCTGGCACGTACGTCTGTTATTCACGCGGATTCTATAGAAATATATCGGGTGGGGCGATACGGTCCCTTCCTGCCGGGTGCGCACTCACTGTCACTGTTATGCGATGCCA
seq402,123,GACAACGCCGCTTCGCTATCCTCCGCACAGTTATCACAATTTCACCTCAAGTGAGCCCGGTACCCCCCGGCCCTGATTCCCAGAGTATCGCGCAGAACTACGAATGAAAAATCTTGGAAGGTA
seq403,142,GGCTGGTCGTCCCTATATCTGAACCCTGTACCTATGCACAGGATCGTGCACCAGGACATTTACCATCATTTGCCAGGACATCTTTTACTGCCAGGTAACGACCTCAATACGGTATTGACAACAGTCCTTGTGCTGTTGACAG
seq404,55,CGCACGCCCGTCCCGCTCGAGAGCTACCGGATACCTGAAGTGGGTGAGCCTGCCT
seq405,169,ACCGGCTGTAAGCTGTGGGAATCACTTTGAAGTTCCGACAACTGCTTATGGTGTTTCCAGTCCGGCGGTCTGTAGCAGGCCCGTGTGTTGGACTGTCCACAGACCCCTCACTGCAAAGCACCGACGTTAGAAGTGTGCCGTGGCTCATCGGGTTATAAGTTCGAGTTAA
seq406,62,TATAGCGGTTCAGTTCGCTTTCTTCATGAAAATAATTTTACTCACGCTTTTCGCATTGAGCC
seq407,100,CCACGAAAACGTACACCCGTATTTTCGGGCCACAGCCAGTTGAATAGATGAAGTATTACGACTATGCCTATATGAGCGAGTTATTGACCACAGGAAAGGT
seq408,165,GAGCGTCAGCCTTCCAACTTCCGAACAGTGAGTCGTGCAAAATGGTTAAACTCCCCCTATCGAAATAATCCCAGCTAGCATAACGAGTCACAACCGTAAGGTGCCGACGGCCATTATTGGTTTGGCCGGAGATGGCAACGGGTTACCTCGTGTATCGACTCTCTA
seq409,174,TTATTGTGCATGCCCGTGTAGTACGTGACAATCTGTAATTTATAAGCAGTGGAGGTCAGACTTGAGAACATGCTCGGTCGATGACAAGGTCCCGTGCCCTGGGCAATTATTCGAATAAAAGCCGCAACTTAACAAAACATGAGGGAGGGGCTTGGTGAGCTGCTATGGAACAAG
seq410,104,CAAAGCCGCTACGCTTCGAACATAGGGACTAATTAGCCGCTTATGTGTTGGTCCTTCATAGCACCGGTGATACGAATGTTGTATCGTCACCTCGACGTATACAA
seq411,111,CGTGGTTTATTCTGGATTACGATGTCAGGGCGGCGTTACTCGTCGACGCGATTAGGTTATACGGCTCTCTTGACTCCAGCGGAAGTCTTGTTTTTCCGTCATGGAACGCTC
seq412,200,CTTTGGTTCATTCAGAGTATGGGAAGGACATTGCGCTGTCTGTCGGGACAGTATGCACCGGTTCGCCGGCGATGAACTGAATACGGAACTCTATCCGGAGGGCACTAGATAACGCCCGAACGTACGCGAGGTCGGACGAGTGTGATCTATGAAGTGTGCTCACATGTGGAGTCTACGGAGGCTCCCCCTAATTATGGCGA
seq413,73,TACCAGAGCCACGTTCGAGTGTACAAATAGCCATGTTCAGTGGTGGTCCACCGTGATGAAATAGCCCGAGGTG
seq414,69,AACATCCACCCAGCTGTTTTTTAATTTGACCGAGAGATAACCGGATGCAACCGGAAGCGAATAACGATT
seq415,158,GGGAATCACCGCTGGTGGGGGAGGTCCTCTCGGGGACGATATCGATTAACAGTGAGACCTGACATGCAAGTGTACCTTAAGTTGAGATCTGAAATACGTAGGTGTAGTGATGTATCCGTATCCTCGCTCACACAGACATACCCATTGACTTGCGTTGG
seq416,50,TTGAAGTATGGCGAGACTCTGTCGGATGTAAAACGTAACTCGTGGGAGCC
seq417,137,CGTAAATATAGATTAATGAAGACCAAGATTAATCCACTCCTTCGCTTCGACAAGACGTCACACATAAGGGATAAAAAGGACTGACTGTAGCAGGTCAGCTGTCGGATCTTCGACCGGTAAGGTGACAGGAACCCCAC
seq418,70,CAAAAACCGGGGCCCACAACGCACAGCATAGTGGCCTAGGTAGTACTGTGTATTTGAATGGTCATCACCA
seq419,99,TTCGCATAGGATGAGCGTGAACTCCATAATTCTTCTTGTAGTAAACTGTCGATCGGATGGGAAGAAATCTTCAAGGCGTATAGGCCCGCGTGGTGACTC
seq420,179,ACGCAGAGTTTATTTCTAGGGTCTTACCTAAAGCGCCTCTACTACCGTGCGTATTAGACAGCTTTCATTACCCGTTATTCTCCTCTATAGAATCACGCACTGTTGAGCTATCGGGCTCAAGTCTGATCGGTGTGCTAAAAAGTTACATACGTTCTATAATGACATTGGTACTCCTTACC
seq421,169,TCACTTTACTACCCATTACCTCGAGGATCTGCCTAGTCTCCAGTCGATATCGATTTGAATGGTGCTAGAGCGATAGCAATCCCAGTAAAATATACGCGTACACCGCGCCTCTTTCGAGTCTATGATGTCTCGTCCGTATGTCCCTGCCCCTGCGATCAGGGAAGTGCAT
seq422,197,AGGTTATATTCCCGCACGCTGTATCATCCCTGGCCTCCCGGATCACCCGGAGGGTTGGGGGGAGCTCTCGCTCATATCCGCTACGACCTGCTCCTACAGACCGTCAATTTTGGTTTAAAGTATATTGGCGTAAGACGGGAGCTGAATGTGTGTCGCCTGCGGCCTAGCGCGCCCAACGAGTGTTCTCGCCGCTAGCG
seq423,174,AGCGTAGAATGACACACAAGTTTGGACCCGTCCCTCCGCCACGCCAAACTCCATTATCTGAATTGCACTTAATGCCGGAATTTTTCGAATGGGAGAGTTGAGAGGAATGCTCAGTATGGCTTAGTAAATTTCTTGAGTCTATGCGATCCGAATGTGTACAGCTTGCGGCCCGTC
seq424,58,ATGGCCGATGGACGGAGGCTTAGAAAACCAACACTCGTAGCCTAATCGAGCGATGATT
seq425,52,GAGGCGTCATGGTCGACAATATACGAGGGTCAGTAGGATATCGATCAGTAGA
seq426,64,CATGTAAAACGCTCTGACTACTAAGCTACCCTATAATCTCTCTACAATTAGGAACCATGGTTGT
seq427,167,ATATTCTACACGCCTACCGATACAGCGGCGGTGCAGTGGTAACCGATGTTCTTCGGAATTACCTCAGAACGCCCAAACCCATGGTAGTCCAAATTGGTGGCTTGTTAGCGGCATCTTCTTTCATTTGGTCAACTAGAACAAATTTAATTTGTCCAGGTGTCGGTGGT
seq428,190,AGCGAGAATGAGGGTAAGACCGTGGATGCCCTTTGGCTGTGCGCGGAGATGCGAAATCGCGGATAACCAATGCCATGTCTCGATTTACGAAAGTTATGGAGACGCACGCAGCAAAGACTTTGAAACGCAACATTCTCCGACATACCTTGCGCCTGTTAACAAACAGCGAAAGTTTTGCAGTTCCGTACAG
seq429,175,GGTGATATTTACACAATGGTCTGGAATTTACTCTCTATTCGCCCTGCCCGACCGTCGGGTAAATGGCGGGCCCCGGATTAGGACGGGACCCTCCGTGCCCGCGTCCGCGTTGATTGGACAGCGAAAGGACACTCTTACCTAAAAAGGCACTGTCTCTGCGTGATAGCTGGAAACC
seq430,189,AACAATCGTAAAGGTACCGTGATTCTAGAACCCTGTTACTACAATATAGCAGACCCCGTCTTTTCGGTGTACGGCATGTGTCAAGTATCTCTGGAATTATCCATTCGTTAAGATCTAGGCCTGCATCGGTCATTAACCTAACCTACGGAACATTCGTCAAGAAATTGTTAAGATCCTGCGCGATGCACT
seq431,106,ATCACCCTCGACAGCTCGTTGGAAACATCTCTTAGAGACCCGGACGGTTTCTTAAAATGTGCCCTATCGCCACGGTGTATCCCGCACACCCGATTTGATACAGGCA
seq432,124,CCCCGACTGGATTTATGCCATGAATCGGGTCTGGATGTATCTAATCAGGCCGTAAAAGTGTGTCGGAATCTCCAGAGATCTCGGGCGGCCCATTCTTACCACAGTCAGTGGATAAAGCCCAGGA
seq433,194,TCGGTCCTTCGGCCAAATCGGCTGACACGACTTAGCCCATGTTTTCATATACTGGTTACGGTCACACTAATTAATTGCGACACCTACTGGCTCGTAGCTGTACAGGTTACGGAAGAACACTTATCGGTCCCCGGGACGCTCCTGTGCTTAGGCAAATCGACTGGCGGTCGTCTGAATTGTCTTCGGCTACAAGT
seq434,63,CATTAGTCAGTGGAGAACAAGCGATCCATGCTCGGCCTCGGGGAGAGCAAGGTTTAGCGGAGA
seq435,54,GTGCAGTACAGCAGACTTACCGACCTTTAATATTGTAATTACCGGTCCCGTAGT
seq436,134,TTCAAATACGAGGTCAGGTTGTCGACCATTCGGAAGCCGGGTGCTTGTCTTGATGGTTACGGGTCGAGATCTCGCCTCAGGTTATGGAACTGACCATGCGAACTATGTCTCCATTTTGGTACTCCACGAATTGC
seq437,177,ATTACAACGGCCGGGCCCAGGATCTTGGATGCTACCAAAGCTGTGCACCGGCAGGGGCGCCACACAGCCTCTCTGTGTCGTTAATCTTACACCCGAGGATGGCAGATCCTGGGTCACCTAAAAATGAGAGAAGGTAATACCGGCTCTTCTGTGAAGGAGGTTCTTCTAGGGGTATAG
seq438,185,CGCACTCATCGACGGCATATACTTTTGGTTTTTCACTTTCGAGGAATGTCATCTTATGCACCCATCGTGCTAGGTCCAGATGAAACGGTGCTTCCGGGATCCCCAGGCAATCGTTGCTTTAACCTTTCACGCGTTTGCAATCGAAATCATGATGCCAACGTCGAAGGTGGGTCGATACACATGCG
seq439,161,ACGGCCTAACCTCCCTTCAGAACTGGGTTCGGGCGGTAGCTGCACCAGCCAGAACGTAGGCCGCTCTAGGTGGGCCATGCAATTAGACGGGCAGCTATTCGGGGTAGCTAACTACCGTAAAGGCTTCAAAACAAAAGCGCGTGAATGGTAAAATGGCGAGT
seq440,156,ACTCTCGCGCTTGGATCCCAGGACAAGGTATAGTAGATACCAACTCAAGTACCTAGCCGGCCTCCGTGTAGTAACTATTGCACGGATTGGCACCATCGTTTTTACGGGGAGCGCTACTCTCCCGAGAAGCTTCGTATCTTCTGCTAAGGCGCTAAC
seq441,73,TGCTTGGTTTACTTGTCCAGAGATTTGACTTGTTCGTATCACAGTACCCATGTAGGTAACTCGGTTGAGTTGT
seq442,73,GGTAAGAACTGAAACACCCAGAAGCCAGAGATCAACACATGGTCGACTGAATACTAACTGTGCCAAGTCTCCG
seq443,139,TATCGTAACACGGCAGGTCAATCCCTGGTTATTATTACAACGCACTCGTTGCTCCTGGATCCTTTATGCTTACCTCTCGCGCTCAACTGCCATTCTGTATGAATATACACGCAGCCGAGAGTTTGAACGTAAGAATAGC
seq444,143,CCGAAGAGTATTGCTCGATTATCTAATTGCGTCCATGGCCCCTGGGCTGGGAAGGACCAGTCCCGGCACGAAGCGGCACACGCGTCACTCCGCAACGTCACGCCGTCTGTCCCTACCGGTAAGAGCAGGAGTTAGGCATCACA
seq445,115,GTTCCACGCCGATATCATACTTAGAATCTTAGGGCATTTATTTCGACGACACTTTCAGGTATTTCAATGGTTCGTTTGGGTAAGGACGTGTGCGCGGTAGACGAAAATAGAGAAT
seq446,60,GATATCGCCGCTGAGCAAACTTGGCCTAAAATAAGAGGCATTATTCCTGGGCGCCTTCAA
seq447,72,CGTCTGTAGACATCAAGGCGTCCACCTCAAGACCTTCGGACGTGAAAAACAGCCACAGCATATTACCCGCGG
seq448,143,CCACTCGTTCAATACGGTCCCTCTGAGTTGAACAAATTCGAATTCCCAGGTTCGCGACCTACGTGCATCAGATCAATGCTCATCCGCAGAAATATGGGCAGCGCCCTCAGTACACTACCGTACCTGGATTTAACGATATCGAG
seq449,108,TCCCGACCGTGGGGAGCCGGCTCACACAATCTCGACCTTATAATTTCCCATTGACTCGATAATTCCGCGTGGGCCTAGCCCATGGTTCAAACTCGCCGGATTGCGCGG
seq450,139,TCATCTTTCGTCACCAGGAAGATCATGGCAGAAAAAACTAGAAGCCGAACTCGGACTAACGGTCAAGCCCCGCTATAACTCGTCTTCTCAACATCGGGCCCGTACTCCCGATCGATACTATTCGGGACACGTTACTGAC
seq451,169,CTAGGACATGTTGTATCCTGCGTTAAGGGCACTTTTACAAATTTTGAACCTGCGTTCACCCCATTGCTACGTGATTGCTGGTAGAGGCAGCCTAAGCCAGCCTGCTAGCTATAATGGCCGTCAAAATGCTCACCCGATAGGGGAGGGATATAATACTCCTTTGTATTTA
seq452,73,ATCGCGGTCATTACAGTACCTCAATTACTTCGTCGGCGTATCGAATATACTGAGGGCTGCAAATGACACCGCT
seq453,98,ACTTTCTCATGTTACTTGGAAACTACCGATGTTGTTCGGCTAATACAGAGTGGCGCAGTAACGCCCTAAGTGTCGTATGCTTGAGTGTAGTCTTGTCT
seq454,79,TCGGTAGCGTTCCATCGGTGCTATTGTGCTAGCTTTATGGGAGCATCGTGGATGTACAGGTCGGAACTCTAGGCAGCCC
seq455,110,TGTCAGTCCCGCCCCGGGGGCGTCAATGGCCGCATATACAGGTGAAGGTCACAAGCACTCTGTGACCATACAGCTAACATGGAATCGCAGGTTCTGGATTAATGCATCTG
seq456,91,GCGCTCTTCATGCAATAAGCGGGCGTCTGCGTCAGCGAGTGGCGTTAACATTGAGAGTCAGTGGTGAAGAATCCGTGCCTCCAAGAAGACG
seq457,79,CCGGACTCTGAGTTATCTCTTCTTAGATTTGGTTCTAACACTTTAGAGGGGGTCAGGCTATTCCTAGCTCTTTACTTCA
seq458,164,AGCCTAATGTGGTCTGGCGACCAGGTCTATGTCATGGCGCACTCCACCGTAACTTCCAATTACGATTTTGATTCGCTTAGTGGCTCAACCTACGGACGTTTCTTCCTCGAGTATGTCCCGGATCATAGGACACAAGCGACCCTCTCAGGATTCTTCATCACTCG
seq459,140,GGCACGACCTGAATCGGTCGGAATTAGGTCACTCCCGAGAAAACTTTAGCTGATTATTAACTCGTTGGTTTCAATCTGCCACTCGTCAGTTGTAAGCCGTTGCTCTCCGGTAATTTGCTGCCTACAGGAGTGTTCGCGGT
seq460,114,CTCATGGCGGAGTCCCTTTCACTGAGAAGACTCATAAGGACAAATGAAATCGCAAAGAGCGATGCATAGGTGCGCAGGCTTACCAGGGGCCGAGGGATCTGTACTCCGTCGATA
seq461,103,GCCATAGGCTCCTGGCTGTCGGGGTACGCCGCAAATTGCACTCATTTTGTTGTGCAAATTAATGAAGTGACACTCACGAAATATAAACTTCCGGTCCAGTTGG
seq462,176,CGATTTTCTCACTCCGTTTTCTGACACCCGACGGTCAATTGGACGGTCTGCGCTGTCCTCGGGTAATGCCTATTTAGACTGTGGACGCCAGCGCTTATATTACGCTCCCCAAGTGTCTTGGCGATTTCCTCTTAAGTGATGATGCGAACTGGGCTCTCTCTCGCCCGTCCTGAGTG
seq463,176,TCGTTTTGTTGTTGGGGTTCGGGGATTGGGTGTCCAGCAGTAATCGGTCTCCCCAAAACAGAGTACCCGGTGCCCTTACCGCTTTATGCATCCATTGTGACGGGGAAAGAGGTAATTTGTTGTATGATGGGTTTGAATATCAGCTCCCGTCCACCAATATGGACGAGTCACGGGAG
seq464,149,AACCATGGAACTAATCGGTATCCAGAAGCCGACGAACCACTATGTGGTTCTTGCCCATGCGTCTGGTATCAACGAGTACATGTGGCGTGTATTAAACTGGTAACATGAGGGAACCAGATATGAAATATATGCCGCACCGATGTCTCCGT
seq465,185,ATGAACCGGGCTTTGGTCGGCGCCCAGAGGTATCCAGGAGGATCCGTGTTACTTGACTATGGGCTTCGGACGGATTCATTAATTTGGTTGGGATTCCAGAACAAGTCGTTGTGCAGGCGGTCCGGCAGCCTGAGACTCTGACTGTGTGCGAGTAAGAAGACGGTGGGCCCACCTTGCTCAACCTG
seq466,72,ATGGGCACTGGATCCCCGGGGGCATTGCCAAGATCTAGCCTCACATAACTGGCTACCTCATTTACAGACATA
seq467,62,AGTATCAAGATCCCTATTTCTTGATACTGTATGACGATCGCCGCGCGCGGGTACGAAGGCAG
seq468,196,CTTTACAATTCGACCAAAACCTACCGGCATCCTTCGGGCTATGAAGGATTACCGATGGCGTCGCCACGCCCTTGGACCGCGGGGCGCTGCAGTGACTGGGCAAGTCACCATGCCAGATCTAGCTTTTCATCCGAAGTACTCTTTTGAATACGACAGACGTCGTTGCCCTTCGGGCGGTCTGCCAACTGGGAGTCAC
seq469,62,ATATCATGGGTGCGAAGGCCGAAATCGCTACAAATCCAGTCACTAGCACCCGAGGGCGATGC
seq470,189,AACTCCCCTAACAAAAGAGGTTGTGAGTCCTCGAAACGGCCAGAAGATGGTGGAAGGCAACGAGTGATAATGAAAGTGTCACTTTCGATCGACTTATTGGCGCTCAAAACACGCTCCCTCTGGATGTGGACCTGAATCGCAGCGACGCTGATGTGTACCTTATGAAAGATTATCCCTGCGTGGGTTGCT
seq471,59,GCCCTGTCTTTTTAAGCTATCCTACGTAACCACTAAGGCAACTACACGGTTCGTCAGGG
seq472,79,TTTAGATCGTTATCTATCATGCCTATTGGTCCAGACTTTGCTTTATTAACCTGTATATTAAATCGAGGACTACTGATAG
seq473,88,ACTATGCGGAGACTTCCCTTAAATGCAGAGCTAAACACTACAAGATCCCTAACGTTATTTTATTACTGAGAACTGCCTATTGGTGCTG
seq474,97,CGGCCGACATAATTGGCATGACGGTCTCACCACAGGCGCCTCAGATGACGATTACAAGGGGTAAATTATAACGGGATGGCTAACTTACCGCGCCGTG
seq475,114,GAGAGTAAAGGATGGGGGGCGTCGAGACAGTGATCAGGCCCATTGGGACAAAATTGCTTCCCGCTCATCTCGCTTCAAACAAAGTACCTTACGTAGGGCGGGAGCGTAAAAAAA
seq476,176,ATCCTCGAACGAAACAATGGCGAACCGTCGTAAACGCATGCATGGATCTGAATCCTTATTCATGCCAGCACAGGTCAATGAATCCGGTTTGCACGGGAGATGCCTACCCATTAGTATTTGTCTTGGGAATCGTGCATCTCATAAGACGTTCAACTAAAAAACTGGTCAACGCCGCC
seq477,142,GCAAACAAAGCTCGTGTCGTTCGCTAACCTCTGGATCATTCTAGTCCGGGATCGAGTAGGGAGTGGGAGAAGGCTGCCAGATATCAGTTTGCCAACTGCCGAAGCTACTGGTCGATGGGTGCGTATTGAGGGTTCCAAGCCT
seq478,166,TGGCGATCTCCGTGGGGGGAAAAAGATCCAAAGAGGGTGAGTTTCCAGACTAGCGTCTAATGTCAATAAAGATAGCTTTCAATTTGGAGTTGGCGCACCCCGAGCGCGGAAAAGGTCTCCTCGCGTCTGTCATGTAGTGGAGCTGGATAAACTGATTTACGCGTTA
seq479,139,GAAGACTCGTCAGTCTACGGTGGCCCTCCTTTTTGCAGCCTGCCCTAAGTACTCCATGTGCCGGGTCAGGGGGGGGTCGGGGCGACTTGAGAAGAGAGTGAATAGCCTTGTTAGCCTACGCTGAGTCCTCTGAGGAGTC
seq480,191,GGTCGCCACTCAACTTACTGTTAGGTCGGATGACCAAGCAGTATGTCTCGCATAAGGTCCAACAGACTAAAAAACGGCACGTGACTAGGGGGGGTGTCTTACCTCCCCACACTGCTAGCAATAGTTAGCAACTCAGGCATACACTGCCATATTAAGAGGTTGCGTTAAGGCGTGTAACGCCGATCGCAAAT
seq481,76,ACAAGTTCCCAAATGAATCCCCTGACAAATCCGTCATGCAACCGCCTGGCGACTGTTCACTCCCTTACGATATGTG
seq482,175,TGTGGGAATGAGGTATTTATGATACGTGTCGCAATCCTTCACCCATAGACACGCGAGGAGAGGTACCCAGATTGGTCCCTATATGATATAAGAATCAGGCCGCGTGGCGATTTGGTGCAATCCTTAGTCGTTTGTTGGCTTAAGATTAGGGCGGGGTTTAAGCTATTTTCTATCT
seq483,54,CCAATTGCTGCGCAACCGTCAACCTGGTTGTCTGCGCAGGTACTTAGACGCTGC
seq484,91,CGAATGTCTCAATGACAGCTGTGGATACACCATGGTTGATTGTCCGCGTGTGCAAATTTAGGCAGCAATCAAACAAGTTCGAAGACTAGAC
seq485,151,CTTACATCTTCATGAAGAAATTGGATTCAGCGAGTGTCCCGCCGCTACTTCAGGGCTATGCGCATGTCTCGTGGCAACTTCTTAAGTATGACCTAGCTGTGGAATCCCGCCTCAAAATTAGGCGCGGTATGAAAGTGAGTGTGGTACGGTA
seq486,54,TCTCTTGGACAACGATCAGATGAAGCATGTCGTCGAAAACATAAAGATGTCTTT
seq487,91,GGATTGCGGTTTGAGGTCCCGTGCGCTCTGTGAGTATGGTCTTAGCTTCAACCAAGCAATGACACGTATGTATTCAATGCTTCTTAATCGG
seq488,118,AAAGCTCCAGAGAAATCTTCACACTGGGTTACGTAGCAAGTCAAACTATGGTTTACGCTACAGTACGGCCGCCCGACTCTCTGCTGTCCCGAACGAGATTCATAAAGCAAGTACCAGG
seq489,89,GGTGCGCCCTGCGAAAGCACAGCCTTAAAGTACGCAGCGTCAACACACTGTCGTCATTTTATGCTGCGAAAATGTGATATGGTCAAAGA
seq490,194,TGTCGTGCGTTTGTTGATGGTTCCGCGCGACCTTACGGATACCTGAACGCAACTCATGTTGGTGTGATTATGGTTCCTGCTGGAGCGTTTGACTAGTCGCGGCCACATAAACAGGTGCAATATCTCTCAGTTCGCTCCCTTCGTGCCACGAGTTCGTCTGGTGTCAACTGATATGATGCTGACCTAGGTCGTCC
seq491,58,CGTGTGCAGTTAATGATCTCAAATGACTATTAAGGTTAGATGATAATGTACGTCTCAC
seq492,178,GGGTGACGGCACCGACTTATCGTTAATGCAACGATCCTTGGCAACTCTTAGCTACCACTCCGGATGCTGGCTTAGCAAGGTTGCCTCGGTGGTAAGTCGGGGTAGCCTGTTGATGTGTGTTTTGGGCCTGTACCTCGTAAAAACAGCTGACGCTGTTGATCATGCGCGACAGAGTCTG
seq493,125,AAGTGCGCTTCACATGCTCCCGACACGTTCCAAATAGCTGTCACAAACAATAATACGCACGCTAAGGGGCGGAGCTATACGTCTCCGTGTTGTTACGCTTAAAATTTACGGGCGGGTGGCGAGTG
seq494,63,GTATTGTATATGCGACTTATAAAGACGCCCGCTTTATTTAAATCGCGCTCGACATCGGGTTGC
seq495,152,CTATTCTATCCGATCACCGGCTCGACCGTTTGAGTCGTCGTTTACACCATAGGGGTCCTTACATTGGGACCAGTTAGATCAGAAAAGATGGCGATGCTCTAATAGTCGTCATTAACTTGTGGGAGCATGGCATTCATGGTGCCATACGAAAA
seq496,61,GTACGAAGCCTTCAGCATGTGGGAGGGTGTTCTGTTCCATGACATTATAACACGCCACATA
seq497,138,GCAGGCGAGCGGCTAGGGCATCTAAGGATCCACATAATATTTCGTGTCCTTAGAATCTAGATAGTAAGCAATGTTGCCACCCCCGCATCGTTTCTTACTCAGGAGAACCGATTGCTAGACGGAGGACTGCACCTCCCT
seq498,193,ATTCATTCATCAATACCTCAAGAAAGAATGACACAACTCGATTGTTCGTGTTAAGGCGCAGCACCCAGATGCGCGTTAATAGCCCAAGATGGAACAAACAGGTTAGCCCGAAGGCTTTATGTAGAAGGATTGGACCGCCGAATGGGGGGTGGGCTGCCCGTATGATACAAACAGATTCTCCATTAATACACCC
seq499,100,CCAACCGATTCTGCATTCTGTTCCTTGTGATACTCCTCGTGCCTCACGCCTACTAGAAAAACACGACCTTCCTAATCACACTTCCAGCTAACTAGAAACC
seq500,53,ATTGATGGTCAGGGAGATTGAATCTATTCCTACTTCGCGTTGGATTACCGCCC
